algorithm,validation_method,remove_outliers,scale_data,use_pca,params,time,conf_matrix,accuracy,precision,recall,f1
decision_tree_classifier,cross_validation,True,True,True,"{'max_depth': 10, 'min_samples_split': 2}",0.12057089805603027,"[[93.0, 62.0, 37.0, 4.0, 0.0, 56.0, 20.0], [29.0, 99.0, 46.0, 2.0, 5.0, 63.0, 43.0], [5.0, 22.0, 198.0, 36.0, 3.0, 29.0, 58.0], [0.0, 5.0, 27.0, 225.0, 3.0, 2.0, 35.0], [0.0, 0.0, 0.0, 1.0, 321.0, 0.0, 2.0], [25.0, 58.0, 29.0, 7.0, 3.0, 140.0, 28.0], [5.0, 33.0, 45.0, 21.0, 6.0, 37.0, 143.0]]",0.5774595618345618,0.5679340962506075,0.5806081906121048,0.5662512293867619
decision_tree_classifier,cross_validation,True,True,True,"{'max_depth': 10, 'min_samples_split': 10}",0.11200475692749023,"[[102.0, 71.0, 25.0, 4.0, 0.0, 52.0, 18.0], [31.0, 105.0, 37.0, 1.0, 4.0, 67.0, 42.0], [9.0, 32.0, 193.0, 27.0, 5.0, 22.0, 63.0], [0.0, 11.0, 27.0, 221.0, 7.0, 1.0, 30.0], [0.0, 0.0, 4.0, 2.0, 317.0, 0.0, 1.0], [24.0, 71.0, 27.0, 5.0, 1.0, 131.0, 31.0], [6.0, 50.0, 51.0, 19.0, 4.0, 35.0, 125.0]]",0.5656130113366955,0.5565941488463692,0.5751701256171383,0.5590701073052751
decision_tree_classifier,cross_validation,True,True,True,"{'max_depth': 10, 'min_samples_split': 20}",0.11070394515991211,"[[110.0, 66.0, 25.0, 2.0, 0.0, 47.0, 22.0], [39.0, 99.0, 35.0, 1.0, 4.0, 69.0, 40.0], [2.0, 25.0, 207.0, 32.0, 5.0, 31.0, 49.0], [0.0, 6.0, 34.0, 216.0, 1.0, 6.0, 34.0], [0.0, 0.0, 3.0, 2.0, 318.0, 0.0, 1.0], [27.0, 71.0, 32.0, 2.0, 2.0, 122.0, 34.0], [9.0, 29.0, 57.0, 31.0, 5.0, 49.0, 110.0]]",0.559939948920212,0.5497278277938425,0.5672553207039863,0.5512433882609482
decision_tree_classifier,cross_validation,True,True,True,"{'max_depth': 50, 'min_samples_split': 2}",0.11600017547607422,"[[97.0, 63.0, 22.0, 2.0, 0.0, 53.0, 35.0], [28.0, 102.0, 28.0, 5.0, 3.0, 70.0, 51.0], [5.0, 19.0, 200.0, 21.0, 3.0, 27.0, 76.0], [0.0, 5.0, 25.0, 222.0, 1.0, 1.0, 43.0], [0.0, 0.0, 1.0, 1.0, 321.0, 0.0, 1.0], [18.0, 67.0, 26.0, 4.0, 2.0, 136.0, 37.0], [4.0, 33.0, 35.0, 27.0, 5.0, 37.0, 149.0]]",0.5812440730203888,0.5716529203953221,0.5931257408122017,0.5734420601192034
decision_tree_classifier,cross_validation,True,True,True,"{'max_depth': 50, 'min_samples_split': 10}",0.11600279808044434,"[[105.0, 62.0, 25.0, 4.0, 0.0, 56.0, 20.0], [34.0, 99.0, 45.0, 1.0, 4.0, 61.0, 43.0], [6.0, 35.0, 186.0, 29.0, 5.0, 26.0, 64.0], [0.0, 10.0, 31.0, 218.0, 1.0, 0.0, 37.0], [0.0, 0.0, 4.0, 2.0, 318.0, 0.0, 0.0], [34.0, 65.0, 25.0, 4.0, 2.0, 128.0, 32.0], [9.0, 51.0, 47.0, 20.0, 5.0, 31.0, 127.0]]",0.5594543407043407,0.550684585813074,0.5649654117474654,0.5528635881096546
decision_tree_classifier,cross_validation,True,True,True,"{'max_depth': 50, 'min_samples_split': 20}",0.11400103569030762,"[[113.0, 60.0, 17.0, 2.0, 0.0, 50.0, 30.0], [40.0, 101.0, 29.0, 2.0, 4.0, 65.0, 46.0], [2.0, 28.0, 200.0, 33.0, 5.0, 30.0, 53.0], [0.0, 5.0, 33.0, 217.0, 7.0, 6.0, 29.0], [0.0, 0.0, 4.0, 2.0, 317.0, 0.0, 1.0], [34.0, 65.0, 31.0, 2.0, 1.0, 121.0, 36.0], [10.0, 29.0, 53.0, 32.0, 4.0, 45.0, 117.0]]",0.5618359088753825,0.5524575142609399,0.5646370783173202,0.5531751584882212
decision_tree_classifier,cross_validation,True,True,True,"{'max_depth': 100, 'min_samples_split': 2}",0.1199958324432373,"[[95.0, 59.0, 18.0, 5.0, 0.0, 49.0, 46.0], [30.0, 99.0, 27.0, 3.0, 3.0, 68.0, 57.0], [3.0, 35.0, 197.0, 26.0, 2.0, 22.0, 66.0], [2.0, 6.0, 21.0, 222.0, 7.0, 3.0, 36.0], [0.0, 0.0, 0.0, 1.0, 321.0, 0.0, 2.0], [28.0, 60.0, 24.0, 4.0, 2.0, 138.0, 34.0], [7.0, 34.0, 42.0, 23.0, 4.0, 31.0, 149.0]]",0.5783997963274279,0.5691645115832941,0.5828573491317037,0.5695145536595346
decision_tree_classifier,cross_validation,True,True,True,"{'max_depth': 100, 'min_samples_split': 10}",0.12500524520874023,"[[105.0, 69.0, 22.0, 1.0, 0.0, 49.0, 26.0], [35.0, 108.0, 36.0, 2.0, 4.0, 58.0, 44.0], [4.0, 32.0, 190.0, 30.0, 5.0, 26.0, 64.0], [1.0, 10.0, 27.0, 220.0, 3.0, 1.0, 35.0], [0.0, 0.0, 3.0, 2.0, 317.0, 0.0, 2.0], [27.0, 71.0, 25.0, 4.0, 2.0, 126.0, 35.0], [9.0, 49.0, 47.0, 25.0, 5.0, 33.0, 122.0]]",0.5627707552049658,0.5539459200171407,0.5688910063836292,0.555871462202478
decision_tree_classifier,cross_validation,True,True,True,"{'max_depth': 100, 'min_samples_split': 20}",0.13999605178833008,"[[113.0, 62.0, 18.0, 1.0, 0.0, 48.0, 30.0], [38.0, 97.0, 35.0, 1.0, 4.0, 64.0, 48.0], [2.0, 25.0, 204.0, 31.0, 5.0, 29.0, 55.0], [0.0, 6.0, 32.0, 218.0, 1.0, 6.0, 34.0], [0.0, 0.0, 3.0, 2.0, 318.0, 0.0, 1.0], [37.0, 63.0, 29.0, 2.0, 2.0, 120.0, 37.0], [8.0, 32.0, 60.0, 27.0, 5.0, 47.0, 111.0]]",0.5594637699900857,0.5493789407508224,0.5651670197898432,0.5514584890422638
decision_tree_classifier,holdout,True,True,True,default,0.046942710876464844,"[[28, 21, 8, 0, 0, 14, 11], [6, 44, 8, 0, 1, 15, 12], [1, 4, 65, 10, 0, 9, 17], [0, 0, 10, 71, 0, 2, 6], [0, 0, 0, 0, 97, 0, 0], [6, 26, 9, 2, 0, 36, 8], [3, 9, 13, 6, 0, 11, 45]]",0.6088328075709779,0.5992980229325838,0.6129355833897792,0.5987854743097328
decision_tree_classifier,cross_validation,False,True,True,"{'max_depth': 10, 'min_samples_split': 2}",0.20800018310546875,"[[200.0, 36.0, 11.0, 0.0, 1.0, 17.0, 7.0], [44.0, 149.0, 19.0, 1.0, 0.0, 48.0, 26.0], [7.0, 18.0, 248.0, 14.0, 4.0, 35.0, 25.0], [1.0, 1.0, 18.0, 253.0, 0.0, 9.0, 15.0], [0.0, 0.0, 0.0, 1.0, 318.0, 2.0, 3.0], [15.0, 37.0, 35.0, 1.0, 2.0, 181.0, 19.0], [13.0, 29.0, 45.0, 14.0, 1.0, 40.0, 148.0]]",0.7091321285400234,0.7042453938299594,0.7077740234414586,0.7039337519179781
decision_tree_classifier,cross_validation,False,True,True,"{'max_depth': 10, 'min_samples_split': 10}",0.2460041046142578,"[[202.0, 38.0, 9.0, 0.0, 0.0, 17.0, 6.0], [48.0, 152.0, 14.0, 1.0, 0.0, 50.0, 22.0], [8.0, 18.0, 250.0, 12.0, 3.0, 34.0, 26.0], [1.0, 1.0, 20.0, 251.0, 0.0, 9.0, 15.0], [0.0, 0.0, 0.0, 1.0, 318.0, 2.0, 3.0], [20.0, 40.0, 36.0, 1.0, 1.0, 176.0, 16.0], [11.0, 32.0, 45.0, 15.0, 1.0, 45.0, 141.0]]",0.7058157140393982,0.7007306811318642,0.7044147126273193,0.700442194440499
decision_tree_classifier,cross_validation,False,True,True,"{'max_depth': 10, 'min_samples_split': 20}",0.18599867820739746,"[[191.0, 38.0, 13.0, 1.0, 1.0, 22.0, 6.0], [48.0, 158.0, 14.0, 1.0, 1.0, 44.0, 21.0], [10.0, 20.0, 249.0, 14.0, 3.0, 30.0, 25.0], [1.0, 1.0, 33.0, 240.0, 0.0, 7.0, 15.0], [0.0, 0.0, 0.0, 1.0, 318.0, 2.0, 3.0], [20.0, 38.0, 40.0, 1.0, 1.0, 165.0, 25.0], [14.0, 31.0, 50.0, 11.0, 0.0, 44.0, 140.0]]",0.6920812858312857,0.6864869651872434,0.6936288842515975,0.6867082921654387
decision_tree_classifier,cross_validation,False,True,True,"{'max_depth': 50, 'min_samples_split': 2}",0.21575117111206055,"[[199.0, 40.0, 10.0, 0.0, 1.0, 9.0, 13.0], [40.0, 159.0, 13.0, 2.0, 0.0, 38.0, 35.0], [7.0, 15.0, 239.0, 15.0, 3.0, 36.0, 36.0], [1.0, 3.0, 24.0, 249.0, 0.0, 5.0, 15.0], [0.0, 0.0, 0.0, 1.0, 318.0, 2.0, 3.0], [13.0, 43.0, 31.0, 1.0, 3.0, 171.0, 28.0], [12.0, 27.0, 34.0, 14.0, 1.0, 32.0, 170.0]]",0.7129260690115954,0.7086944753764244,0.7119624129455575,0.7093698272265515
decision_tree_classifier,cross_validation,False,True,True,"{'max_depth': 50, 'min_samples_split': 10}",0.21330618858337402,"[[204.0, 44.0, 9.0, 0.0, 1.0, 7.0, 7.0], [51.0, 153.0, 9.0, 1.0, 1.0, 47.0, 25.0], [8.0, 20.0, 241.0, 16.0, 3.0, 34.0, 29.0], [1.0, 1.0, 22.0, 249.0, 0.0, 8.0, 16.0], [0.0, 1.0, 0.0, 2.0, 316.0, 2.0, 3.0], [18.0, 46.0, 32.0, 1.0, 1.0, 173.0, 19.0], [11.0, 32.0, 39.0, 13.0, 0.0, 39.0, 156.0]]",0.7067640307771886,0.7027010234505524,0.7055153875385134,0.7025581276695662
decision_tree_classifier,cross_validation,False,True,True,"{'max_depth': 50, 'min_samples_split': 20}",0.2008371353149414,"[[190.0, 42.0, 11.0, 1.0, 1.0, 19.0, 8.0], [49.0, 161.0, 10.0, 1.0, 1.0, 42.0, 23.0], [9.0, 20.0, 241.0, 16.0, 3.0, 31.0, 31.0], [1.0, 1.0, 33.0, 241.0, 0.0, 7.0, 14.0], [0.0, 0.0, 1.0, 1.0, 318.0, 2.0, 2.0], [19.0, 42.0, 36.0, 1.0, 2.0, 159.0, 31.0], [16.0, 33.0, 39.0, 13.0, 0.0, 35.0, 154.0]]",0.693508475580844,0.6889542636607126,0.694489273855737,0.6891158787710555
decision_tree_classifier,cross_validation,False,True,True,"{'max_depth': 100, 'min_samples_split': 2}",0.21160674095153809,"[[199.0, 42.0, 7.0, 2.0, 0.0, 12.0, 10.0], [44.0, 149.0, 14.0, 4.0, 0.0, 46.0, 30.0], [4.0, 19.0, 239.0, 14.0, 2.0, 39.0, 34.0], [0.0, 2.0, 20.0, 251.0, 1.0, 5.0, 18.0], [0.0, 0.0, 0.0, 1.0, 317.0, 3.0, 3.0], [9.0, 42.0, 29.0, 2.0, 2.0, 182.0, 24.0], [9.0, 25.0, 33.0, 16.0, 2.0, 34.0, 171.0]]",0.7143451765162291,0.7101478664114299,0.713513235486937,0.7100437030673463
decision_tree_classifier,cross_validation,False,True,True,"{'max_depth': 100, 'min_samples_split': 10}",0.20820140838623047,"[[200.0, 46.0, 9.0, 0.0, 1.0, 10.0, 6.0], [52.0, 157.0, 10.0, 1.0, 0.0, 44.0, 23.0], [8.0, 18.0, 241.0, 14.0, 4.0, 35.0, 31.0], [1.0, 1.0, 22.0, 250.0, 0.0, 6.0, 17.0], [0.0, 0.0, 0.0, 2.0, 317.0, 2.0, 3.0], [15.0, 47.0, 33.0, 1.0, 2.0, 174.0, 18.0], [10.0, 33.0, 39.0, 16.0, 1.0, 36.0, 155.0]]",0.707712347514979,0.7034972515883822,0.7064650098727773,0.703493180923389
decision_tree_classifier,cross_validation,False,True,True,"{'max_depth': 100, 'min_samples_split': 20}",0.20136594772338867,"[[191.0, 40.0, 11.0, 1.0, 0.0, 21.0, 8.0], [50.0, 161.0, 8.0, 1.0, 0.0, 42.0, 25.0], [9.0, 19.0, 243.0, 14.0, 1.0, 34.0, 31.0], [1.0, 1.0, 34.0, 240.0, 0.0, 7.0, 14.0], [0.0, 0.0, 0.0, 2.0, 316.0, 3.0, 3.0], [17.0, 44.0, 37.0, 1.0, 2.0, 158.0, 31.0], [16.0, 32.0, 39.0, 12.0, 1.0, 35.0, 155.0]]",0.6935051079787922,0.6890034351435425,0.6958379265682274,0.6898687960579143
decision_tree_classifier,holdout,False,True,True,default,0.06805086135864258,"[[52, 19, 0, 2, 0, 5, 4], [13, 51, 8, 0, 0, 9, 5], [3, 6, 71, 1, 1, 11, 13], [0, 1, 6, 80, 0, 2, 0], [0, 0, 0, 0, 96, 0, 1], [5, 18, 3, 0, 0, 53, 8], [7, 12, 3, 3, 1, 19, 42]]",0.7018927444794952,0.6967860095949224,0.703910812888523,0.6978683532469852
decision_tree_classifier,cross_validation,True,False,True,"{'max_depth': 10, 'min_samples_split': 2}",0.06596755981445312,"[[194.0, 75.0, 0.0, 0.0, 0.0, 3.0, 0.0], [53.0, 141.0, 6.0, 0.0, 0.0, 61.0, 26.0], [0.0, 3.0, 197.0, 28.0, 29.0, 23.0, 71.0], [0.0, 0.0, 35.0, 215.0, 44.0, 0.0, 3.0], [0.0, 0.0, 20.0, 29.0, 275.0, 0.0, 0.0], [3.0, 73.0, 17.0, 0.0, 0.0, 139.0, 58.0], [0.0, 25.0, 81.0, 3.0, 1.0, 63.0, 117.0]]",0.6054052707013233,0.6028882090168888,0.6097429794798495,0.6024780469109956
decision_tree_classifier,cross_validation,True,False,True,"{'max_depth': 10, 'min_samples_split': 10}",0.05457139015197754,"[[196.0, 76.0, 0.0, 0.0, 0.0, 0.0, 0.0], [52.0, 150.0, 6.0, 0.0, 0.0, 57.0, 22.0], [0.0, 2.0, 204.0, 28.0, 32.0, 19.0, 66.0], [0.0, 0.0, 32.0, 217.0, 46.0, 0.0, 2.0], [0.0, 0.0, 17.0, 25.0, 282.0, 0.0, 0.0], [3.0, 72.0, 17.0, 0.0, 0.0, 140.0, 58.0], [0.0, 22.0, 79.0, 3.0, 1.0, 59.0, 126.0]]",0.6229322923401871,0.6204115972654867,0.6264977519834716,0.6193117034019514
decision_tree_classifier,cross_validation,True,False,True,"{'max_depth': 10, 'min_samples_split': 20}",0.054651498794555664,"[[225.0, 47.0, 0.0, 0.0, 0.0, 0.0, 0.0], [74.0, 127.0, 5.0, 0.0, 0.0, 57.0, 24.0], [0.0, 2.0, 180.0, 32.0, 33.0, 20.0, 84.0], [0.0, 0.0, 23.0, 237.0, 35.0, 0.0, 2.0], [0.0, 0.0, 18.0, 33.0, 273.0, 0.0, 0.0], [4.0, 73.0, 15.0, 0.0, 0.0, 137.0, 61.0], [0.0, 21.0, 80.0, 3.0, 1.0, 61.0, 124.0]]",0.6172558623216519,0.617837501389435,0.6136852864851907,0.6103551551687462
decision_tree_classifier,cross_validation,True,False,True,"{'max_depth': 50, 'min_samples_split': 2}",0.05642366409301758,"[[194.0, 74.0, 0.0, 0.0, 0.0, 3.0, 1.0], [55.0, 138.0, 4.0, 0.0, 0.0, 56.0, 34.0], [0.0, 2.0, 189.0, 28.0, 27.0, 27.0, 78.0], [0.0, 0.0, 39.0, 211.0, 44.0, 0.0, 3.0], [0.0, 0.0, 25.0, 32.0, 267.0, 0.0, 0.0], [3.0, 74.0, 18.0, 0.0, 0.0, 124.0, 71.0], [0.0, 22.0, 78.0, 3.0, 1.0, 66.0, 120.0]]",0.5888191570757361,0.5867257948183505,0.5945686859338709,0.5884491145467466
decision_tree_classifier,cross_validation,True,False,True,"{'max_depth': 50, 'min_samples_split': 10}",0.05463051795959473,"[[196.0, 76.0, 0.0, 0.0, 0.0, 0.0, 0.0], [52.0, 154.0, 6.0, 0.0, 0.0, 52.0, 23.0], [0.0, 2.0, 213.0, 28.0, 28.0, 21.0, 59.0], [0.0, 0.0, 32.0, 219.0, 44.0, 0.0, 2.0], [0.0, 0.0, 20.0, 27.0, 277.0, 0.0, 0.0], [3.0, 77.0, 22.0, 0.0, 0.0, 138.0, 50.0], [0.0, 23.0, 78.0, 3.0, 1.0, 63.0, 122.0]]",0.6248228641320747,0.622060505278647,0.6282532765188532,0.6218456660166951
decision_tree_classifier,cross_validation,True,False,True,"{'max_depth': 50, 'min_samples_split': 20}",0.05328083038330078,"[[225.0, 47.0, 0.0, 0.0, 0.0, 0.0, 0.0], [74.0, 127.0, 5.0, 0.0, 0.0, 58.0, 23.0], [0.0, 2.0, 187.0, 32.0, 33.0, 27.0, 70.0], [0.0, 0.0, 23.0, 237.0, 35.0, 0.0, 2.0], [0.0, 0.0, 18.0, 33.0, 273.0, 0.0, 0.0], [4.0, 73.0, 18.0, 0.0, 0.0, 151.0, 44.0], [0.0, 21.0, 79.0, 3.0, 1.0, 75.0, 111.0]]",0.621044414629941,0.6210210739821257,0.6155661460508615,0.6134187099291966
decision_tree_classifier,cross_validation,True,False,True,"{'max_depth': 100, 'min_samples_split': 2}",0.054396867752075195,"[[194.0, 74.0, 0.0, 0.0, 0.0, 3.0, 1.0], [55.0, 138.0, 4.0, 0.0, 0.0, 56.0, 34.0], [0.0, 2.0, 189.0, 28.0, 27.0, 27.0, 78.0], [0.0, 0.0, 39.0, 211.0, 44.0, 0.0, 3.0], [0.0, 0.0, 25.0, 32.0, 267.0, 0.0, 0.0], [3.0, 74.0, 18.0, 0.0, 0.0, 124.0, 71.0], [0.0, 22.0, 78.0, 3.0, 1.0, 66.0, 120.0]]",0.5888191570757361,0.5867257948183505,0.5945686859338709,0.5884491145467466
decision_tree_classifier,cross_validation,True,False,True,"{'max_depth': 100, 'min_samples_split': 10}",0.053572654724121094,"[[196.0, 76.0, 0.0, 0.0, 0.0, 0.0, 0.0], [52.0, 154.0, 6.0, 0.0, 0.0, 52.0, 23.0], [0.0, 2.0, 213.0, 28.0, 28.0, 21.0, 59.0], [0.0, 0.0, 32.0, 219.0, 44.0, 0.0, 2.0], [0.0, 0.0, 20.0, 27.0, 277.0, 0.0, 0.0], [3.0, 77.0, 22.0, 0.0, 0.0, 138.0, 50.0], [0.0, 23.0, 78.0, 3.0, 1.0, 63.0, 122.0]]",0.6248228641320747,0.622060505278647,0.6282532765188532,0.6218456660166951
decision_tree_classifier,cross_validation,True,False,True,"{'max_depth': 100, 'min_samples_split': 20}",0.05444788932800293,"[[225.0, 47.0, 0.0, 0.0, 0.0, 0.0, 0.0], [74.0, 127.0, 5.0, 0.0, 0.0, 58.0, 23.0], [0.0, 2.0, 187.0, 32.0, 33.0, 27.0, 70.0], [0.0, 0.0, 23.0, 237.0, 35.0, 0.0, 2.0], [0.0, 0.0, 18.0, 33.0, 273.0, 0.0, 0.0], [4.0, 73.0, 18.0, 0.0, 0.0, 151.0, 44.0], [0.0, 21.0, 79.0, 3.0, 1.0, 75.0, 111.0]]",0.621044414629941,0.6210210739821257,0.6155661460508615,0.6134187099291966
decision_tree_classifier,holdout,True,False,True,default,0.017998933792114258,"[[69, 13, 0, 0, 0, 0, 0], [22, 25, 2, 0, 0, 22, 15], [0, 0, 60, 12, 3, 7, 24], [0, 0, 10, 71, 8, 0, 0], [0, 0, 9, 8, 80, 0, 0], [1, 8, 3, 0, 0, 51, 24], [0, 3, 18, 0, 0, 18, 48]]",0.637223974763407,0.6369464194877954,0.6372315186840998,0.6309356357778955
decision_tree_classifier,cross_validation,False,False,True,"{'max_depth': 10, 'min_samples_split': 2}",0.060516357421875,"[[228.0, 41.0, 0.0, 0.0, 0.0, 2.0, 1.0], [49.0, 159.0, 5.0, 0.0, 0.0, 43.0, 31.0], [0.0, 1.0, 290.0, 9.0, 8.0, 14.0, 29.0], [0.0, 0.0, 18.0, 265.0, 11.0, 0.0, 3.0], [0.0, 0.0, 7.0, 13.0, 304.0, 0.0, 0.0], [1.0, 64.0, 11.0, 0.0, 0.0, 180.0, 34.0], [0.0, 24.0, 34.0, 6.0, 0.0, 32.0, 194.0]]",0.7674219524548471,0.7631458764217073,0.7665342957626052,0.7624308044830747
decision_tree_classifier,cross_validation,False,False,True,"{'max_depth': 10, 'min_samples_split': 10}",0.06032061576843262,"[[234.0, 35.0, 0.0, 0.0, 0.0, 2.0, 1.0], [61.0, 144.0, 8.0, 0.0, 0.0, 44.0, 30.0], [0.0, 3.0, 294.0, 7.0, 9.0, 12.0, 26.0], [0.0, 0.0, 21.0, 265.0, 8.0, 0.0, 3.0], [0.0, 0.0, 2.0, 12.0, 310.0, 0.0, 0.0], [2.0, 64.0, 12.0, 0.0, 0.0, 176.0, 36.0], [0.0, 19.0, 37.0, 5.0, 0.0, 32.0, 197.0]]",0.7674239730160783,0.7622653672864296,0.7631022952918708,0.7593557058961413
decision_tree_classifier,cross_validation,False,False,True,"{'max_depth': 10, 'min_samples_split': 20}",0.06076359748840332,"[[232.0, 39.0, 0.0, 0.0, 0.0, 0.0, 1.0], [56.0, 151.0, 8.0, 0.0, 0.0, 42.0, 30.0], [0.0, 3.0, 279.0, 9.0, 16.0, 17.0, 27.0], [0.0, 0.0, 23.0, 262.0, 10.0, 0.0, 2.0], [0.0, 0.0, 14.0, 15.0, 295.0, 0.0, 0.0], [1.0, 62.0, 13.0, 0.0, 0.0, 181.0, 33.0], [0.0, 24.0, 50.0, 5.0, 0.0, 33.0, 178.0]]",0.7475288536143799,0.7437617677991599,0.7474848699108279,0.7417869106379694
decision_tree_classifier,cross_validation,False,False,True,"{'max_depth': 50, 'min_samples_split': 2}",0.06673836708068848,"[[227.0, 41.0, 0.0, 0.0, 0.0, 3.0, 1.0], [44.0, 166.0, 5.0, 0.0, 0.0, 48.0, 24.0], [0.0, 4.0, 295.0, 9.0, 9.0, 7.0, 27.0], [0.0, 0.0, 17.0, 266.0, 11.0, 0.0, 3.0], [0.0, 0.0, 7.0, 11.0, 306.0, 0.0, 0.0], [5.0, 49.0, 6.0, 0.0, 0.0, 200.0, 30.0], [0.0, 22.0, 29.0, 5.0, 0.0, 31.0, 203.0]]",0.7877797803784645,0.7833305169712563,0.7843724040541006,0.782656133758388
decision_tree_classifier,cross_validation,False,False,True,"{'max_depth': 50, 'min_samples_split': 10}",0.06152033805847168,"[[232.0, 37.0, 0.0, 0.0, 0.0, 3.0, 0.0], [62.0, 156.0, 8.0, 0.0, 0.0, 39.0, 22.0], [0.0, 6.0, 298.0, 7.0, 9.0, 3.0, 28.0], [0.0, 0.0, 20.0, 267.0, 8.0, 0.0, 2.0], [0.0, 0.0, 2.0, 10.0, 312.0, 0.0, 0.0], [4.0, 60.0, 8.0, 0.0, 0.0, 185.0, 33.0], [1.0, 22.0, 35.0, 5.0, 0.0, 28.0, 199.0]]",0.7811584012241907,0.7760099270045053,0.7757565140197515,0.7741871815961319
decision_tree_classifier,cross_validation,False,False,True,"{'max_depth': 50, 'min_samples_split': 20}",0.058718204498291016,"[[230.0, 42.0, 0.0, 0.0, 0.0, 0.0, 0.0], [55.0, 152.0, 9.0, 0.0, 0.0, 44.0, 27.0], [0.0, 4.0, 283.0, 10.0, 16.0, 9.0, 29.0], [0.0, 0.0, 20.0, 265.0, 10.0, 0.0, 2.0], [0.0, 0.0, 14.0, 15.0, 295.0, 0.0, 0.0], [1.0, 54.0, 10.0, 0.0, 0.0, 194.0, 31.0], [0.0, 24.0, 46.0, 5.0, 0.0, 30.0, 185.0]]",0.7598441743178584,0.7557384680542416,0.7570876300866999,0.7536919645869178
decision_tree_classifier,cross_validation,False,False,True,"{'max_depth': 100, 'min_samples_split': 2}",0.0636911392211914,"[[223.0, 46.0, 0.0, 0.0, 0.0, 3.0, 0.0], [44.0, 167.0, 5.0, 0.0, 0.0, 45.0, 26.0], [0.0, 5.0, 295.0, 10.0, 9.0, 5.0, 27.0], [0.0, 0.0, 22.0, 260.0, 11.0, 0.0, 4.0], [0.0, 0.0, 7.0, 11.0, 306.0, 0.0, 0.0], [5.0, 54.0, 5.0, 0.0, 0.0, 194.0, 32.0], [0.0, 21.0, 28.0, 5.0, 0.0, 30.0, 206.0]]",0.7820986357170567,0.7777408540116513,0.7800319709302084,0.7774922640967458
decision_tree_classifier,cross_validation,False,False,True,"{'max_depth': 100, 'min_samples_split': 10}",0.061656951904296875,"[[231.0, 38.0, 0.0, 0.0, 0.0, 3.0, 0.0], [64.0, 154.0, 8.0, 0.0, 0.0, 39.0, 22.0], [0.0, 5.0, 299.0, 6.0, 9.0, 4.0, 28.0], [0.0, 0.0, 19.0, 268.0, 8.0, 0.0, 2.0], [0.0, 0.0, 2.0, 10.0, 312.0, 0.0, 0.0], [4.0, 58.0, 8.0, 0.0, 0.0, 187.0, 33.0], [1.0, 23.0, 34.0, 5.0, 0.0, 28.0, 199.0]]",0.7816318860726756,0.7762732402927441,0.7759122145027226,0.7743241461722539
decision_tree_classifier,cross_validation,False,False,True,"{'max_depth': 100, 'min_samples_split': 20}",0.06052803993225098,"[[230.0, 42.0, 0.0, 0.0, 0.0, 0.0, 0.0], [55.0, 152.0, 9.0, 0.0, 0.0, 45.0, 26.0], [0.0, 4.0, 283.0, 10.0, 16.0, 9.0, 29.0], [0.0, 0.0, 20.0, 265.0, 10.0, 0.0, 2.0], [0.0, 0.0, 14.0, 15.0, 295.0, 0.0, 0.0], [1.0, 54.0, 10.0, 0.0, 0.0, 195.0, 30.0], [0.0, 24.0, 46.0, 5.0, 0.0, 31.0, 184.0]]",0.7598441743178584,0.755733559886068,0.7571122893229559,0.7535764136419828
decision_tree_classifier,holdout,False,False,True,default,0.018956422805786133,"[[63, 18, 0, 0, 0, 0, 1], [17, 40, 0, 0, 0, 15, 14], [0, 0, 83, 3, 0, 5, 15], [0, 0, 7, 79, 3, 0, 0], [0, 0, 4, 1, 92, 0, 0], [0, 12, 2, 0, 0, 55, 18], [0, 4, 8, 0, 0, 8, 67]]",0.7555205047318612,0.7506886768830662,0.7559435776037882,0.750802444701881
decision_tree_classifier,cross_validation,True,True,False,"{'max_depth': 10, 'min_samples_split': 2}",0.05500435829162598,"[[168.0, 84.0, 0.0, 0.0, 0.0, 20.0, 0.0], [10.0, 194.0, 0.0, 0.0, 0.0, 53.0, 30.0], [0.0, 1.0, 292.0, 17.0, 0.0, 19.0, 22.0], [0.0, 0.0, 8.0, 287.0, 0.0, 0.0, 2.0], [0.0, 0.0, 0.0, 1.0, 323.0, 0.0, 0.0], [0.0, 19.0, 8.0, 0.0, 0.0, 239.0, 24.0], [0.0, 12.0, 17.0, 4.0, 0.0, 30.0, 227.0]]",0.81952279731885,0.8136706674272373,0.8324692891915925,0.8150208794052208
decision_tree_classifier,cross_validation,True,True,False,"{'max_depth': 10, 'min_samples_split': 10}",0.05499911308288574,"[[183.0, 71.0, 0.0, 0.0, 0.0, 18.0, 0.0], [15.0, 202.0, 2.0, 0.0, 0.0, 41.0, 27.0], [0.0, 0.0, 288.0, 21.0, 0.0, 20.0, 22.0], [0.0, 0.0, 7.0, 288.0, 0.0, 0.0, 2.0], [0.0, 0.0, 1.0, 0.0, 323.0, 0.0, 0.0], [0.0, 31.0, 10.0, 2.0, 0.0, 225.0, 22.0], [0.0, 14.0, 22.0, 5.0, 0.0, 34.0, 215.0]]",0.8166839087891721,0.8112316963840748,0.8243445265035256,0.8124468593490124
decision_tree_classifier,cross_validation,True,True,False,"{'max_depth': 10, 'min_samples_split': 20}",0.053995609283447266,"[[138.0, 134.0, 0.0, 0.0, 0.0, 0.0, 0.0], [9.0, 209.0, 0.0, 0.0, 0.0, 38.0, 31.0], [0.0, 1.0, 259.0, 32.0, 0.0, 23.0, 36.0], [0.0, 0.0, 7.0, 286.0, 0.0, 2.0, 2.0], [0.0, 0.0, 0.0, 1.0, 323.0, 0.0, 0.0], [0.0, 49.0, 5.0, 0.0, 0.0, 210.0, 26.0], [0.0, 17.0, 16.0, 3.0, 0.0, 34.0, 220.0]]",0.7792570531057373,0.7734046810012282,0.808078462418116,0.7747367865079496
decision_tree_classifier,cross_validation,True,True,False,"{'max_depth': 50, 'min_samples_split': 2}",0.05700039863586426,"[[176.0, 78.0, 0.0, 0.0, 0.0, 18.0, 0.0], [13.0, 203.0, 1.0, 0.0, 0.0, 43.0, 27.0], [0.0, 0.0, 286.0, 20.0, 0.0, 19.0, 26.0], [0.0, 0.0, 11.0, 284.0, 0.0, 0.0, 2.0], [0.0, 0.0, 0.0, 1.0, 323.0, 0.0, 0.0], [0.0, 19.0, 6.0, 1.0, 0.0, 242.0, 22.0], [0.0, 13.0, 21.0, 3.0, 0.0, 33.0, 220.0]]",0.8214180837536101,0.816813463467352,0.8309771841021392,0.8176930418903897
decision_tree_classifier,cross_validation,True,True,False,"{'max_depth': 50, 'min_samples_split': 10}",0.0559995174407959,"[[177.0, 77.0, 0.0, 0.0, 0.0, 18.0, 0.0], [12.0, 206.0, 2.0, 0.0, 0.0, 41.0, 26.0], [0.0, 0.0, 286.0, 25.0, 0.0, 17.0, 23.0], [0.0, 0.0, 7.0, 288.0, 0.0, 0.0, 2.0], [0.0, 0.0, 1.0, 0.0, 323.0, 0.0, 0.0], [0.0, 48.0, 10.0, 3.0, 0.0, 207.0, 22.0], [0.0, 12.0, 22.0, 13.0, 0.0, 31.0, 212.0]]",0.8048420729341782,0.7995858305373309,0.8147201511779438,0.8001851757946853
decision_tree_classifier,cross_validation,True,True,False,"{'max_depth': 50, 'min_samples_split': 20}",0.055002689361572266,"[[138.0, 134.0, 0.0, 0.0, 0.0, 0.0, 0.0], [9.0, 210.0, 0.0, 0.0, 0.0, 35.0, 33.0], [0.0, 1.0, 259.0, 32.0, 0.0, 23.0, 36.0], [0.0, 0.0, 7.0, 286.0, 0.0, 2.0, 2.0], [0.0, 0.0, 0.0, 1.0, 323.0, 0.0, 0.0], [0.0, 65.0, 5.0, 0.0, 0.0, 193.0, 27.0], [0.0, 15.0, 16.0, 4.0, 0.0, 33.0, 222.0]]",0.7726275917065392,0.76662267341763,0.8023964057772089,0.7684620776157752
decision_tree_classifier,cross_validation,True,True,False,"{'max_depth': 100, 'min_samples_split': 2}",0.05499720573425293,"[[170.0, 84.0, 0.0, 0.0, 0.0, 18.0, 0.0], [10.0, 203.0, 1.0, 0.0, 0.0, 45.0, 28.0], [0.0, 0.0, 293.0, 20.0, 0.0, 17.0, 21.0], [0.0, 0.0, 7.0, 288.0, 0.0, 0.0, 2.0], [0.0, 0.0, 0.0, 1.0, 323.0, 0.0, 0.0], [0.0, 19.0, 8.0, 0.0, 0.0, 236.0, 27.0], [0.0, 12.0, 14.0, 5.0, 0.0, 30.0, 229.0]]",0.8252025949394372,0.8196871686694407,0.8360131100736243,0.8205193828501286
decision_tree_classifier,cross_validation,True,True,False,"{'max_depth': 100, 'min_samples_split': 10}",0.05700039863586426,"[[183.0, 71.0, 0.0, 0.0, 0.0, 18.0, 0.0], [17.0, 205.0, 2.0, 0.0, 0.0, 36.0, 27.0], [0.0, 0.0, 278.0, 25.0, 0.0, 17.0, 31.0], [0.0, 0.0, 7.0, 288.0, 0.0, 0.0, 2.0], [0.0, 0.0, 1.0, 0.0, 323.0, 0.0, 0.0], [0.0, 46.0, 10.0, 3.0, 0.0, 209.0, 22.0], [0.0, 12.0, 25.0, 13.0, 0.0, 30.0, 210.0]]",0.8034182507866717,0.7984072334561522,0.8101211356428655,0.7990466877645425
decision_tree_classifier,cross_validation,True,True,False,"{'max_depth': 100, 'min_samples_split': 20}",0.05499982833862305,"[[138.0, 134.0, 0.0, 0.0, 0.0, 0.0, 0.0], [9.0, 210.0, 0.0, 0.0, 0.0, 35.0, 33.0], [0.0, 1.0, 256.0, 31.0, 0.0, 24.0, 39.0], [0.0, 0.0, 7.0, 286.0, 0.0, 2.0, 2.0], [0.0, 0.0, 0.0, 1.0, 323.0, 0.0, 0.0], [0.0, 65.0, 5.0, 0.0, 0.0, 190.0, 30.0], [0.0, 15.0, 19.0, 3.0, 0.0, 31.0, 222.0]]",0.7697893766972714,0.7636892036814732,0.7986110260374879,0.7652312944307603
decision_tree_classifier,holdout,True,True,False,default,0.01900005340576172,"[[51, 31, 0, 0, 0, 0, 0], [5, 59, 0, 0, 0, 12, 10], [0, 0, 77, 2, 0, 17, 10], [0, 0, 4, 83, 0, 0, 2], [0, 0, 0, 0, 97, 0, 0], [0, 10, 1, 0, 0, 67, 9], [0, 6, 6, 0, 0, 12, 63]]",0.7839116719242902,0.7801785669579806,0.8013388262660434,0.78355189621085
decision_tree_classifier,cross_validation,False,True,False,"{'max_depth': 10, 'min_samples_split': 2}",0.0590054988861084,"[[258.0, 14.0, 0.0, 0.0, 0.0, 0.0, 0.0], [15.0, 249.0, 0.0, 0.0, 0.0, 21.0, 2.0], [0.0, 0.0, 327.0, 9.0, 0.0, 0.0, 15.0], [0.0, 0.0, 11.0, 285.0, 1.0, 0.0, 0.0], [0.0, 0.0, 0.0, 2.0, 322.0, 0.0, 0.0], [0.0, 16.0, 1.0, 0.0, 0.0, 255.0, 18.0], [0.0, 0.0, 9.0, 0.0, 0.0, 15.0, 266.0]]",0.9294137139531876,0.9282763085773592,0.9283850769239458,0.9278446286809436
decision_tree_classifier,cross_validation,False,True,False,"{'max_depth': 10, 'min_samples_split': 10}",0.05899977684020996,"[[259.0, 13.0, 0.0, 0.0, 0.0, 0.0, 0.0], [19.0, 245.0, 0.0, 0.0, 0.0, 23.0, 0.0], [0.0, 0.0, 323.0, 8.0, 1.0, 2.0, 17.0], [0.0, 0.0, 12.0, 283.0, 1.0, 0.0, 1.0], [0.0, 0.0, 1.0, 0.0, 323.0, 0.0, 0.0], [0.0, 21.0, 1.0, 0.0, 0.0, 253.0, 15.0], [0.0, 0.0, 16.0, 0.0, 0.0, 15.0, 259.0]]",0.9213617774473039,0.920201069366128,0.9202711039174781,0.9199044700655499
decision_tree_classifier,cross_validation,False,True,False,"{'max_depth': 10, 'min_samples_split': 20}",0.05699658393859863,"[[252.0, 20.0, 0.0, 0.0, 0.0, 0.0, 0.0], [18.0, 233.0, 0.0, 0.0, 0.0, 36.0, 0.0], [0.0, 0.0, 326.0, 8.0, 0.0, 2.0, 15.0], [0.0, 0.0, 11.0, 284.0, 1.0, 0.0, 1.0], [0.0, 0.0, 0.0, 2.0, 322.0, 0.0, 0.0], [0.0, 26.0, 1.0, 0.0, 0.0, 242.0, 21.0], [0.0, 0.0, 17.0, 0.0, 0.0, 21.0, 252.0]]",0.9052518427518427,0.9028805350344166,0.9039546294401702,0.9026089559756744
decision_tree_classifier,cross_validation,False,True,False,"{'max_depth': 50, 'min_samples_split': 2}",0.06199836730957031,"[[259.0, 13.0, 0.0, 0.0, 0.0, 0.0, 0.0], [18.0, 247.0, 0.0, 0.0, 0.0, 20.0, 2.0], [0.0, 0.0, 327.0, 9.0, 1.0, 0.0, 14.0], [0.0, 0.0, 9.0, 286.0, 1.0, 0.0, 1.0], [0.0, 0.0, 0.0, 2.0, 322.0, 0.0, 0.0], [0.0, 18.0, 1.0, 0.0, 0.0, 252.0, 19.0], [0.0, 0.0, 11.0, 0.0, 0.0, 13.0, 266.0]]",0.9279925858873228,0.9268402047873067,0.9265076116598184,0.9263010007725972
decision_tree_classifier,cross_validation,False,True,False,"{'max_depth': 50, 'min_samples_split': 10}",0.06100058555603027,"[[259.0, 13.0, 0.0, 0.0, 0.0, 0.0, 0.0], [19.0, 243.0, 0.0, 0.0, 0.0, 24.0, 1.0], [0.0, 0.0, 323.0, 9.0, 0.0, 2.0, 17.0], [0.0, 0.0, 10.0, 285.0, 1.0, 0.0, 1.0], [0.0, 0.0, 1.0, 1.0, 322.0, 0.0, 0.0], [0.0, 19.0, 1.0, 0.0, 0.0, 255.0, 15.0], [0.0, 0.0, 17.0, 0.0, 0.0, 14.0, 259.0]]",0.9218345887753783,0.9206737438372166,0.9207568504052933,0.9203447433412739
decision_tree_classifier,cross_validation,False,True,False,"{'max_depth': 50, 'min_samples_split': 20}",0.05699872970581055,"[[251.0, 21.0, 0.0, 0.0, 0.0, 0.0, 0.0], [17.0, 235.0, 0.0, 0.0, 0.0, 35.0, 0.0], [0.0, 0.0, 327.0, 9.0, 0.0, 0.0, 15.0], [0.0, 0.0, 11.0, 284.0, 1.0, 0.0, 1.0], [0.0, 0.0, 0.0, 2.0, 322.0, 0.0, 0.0], [0.0, 28.0, 1.0, 0.0, 0.0, 240.0, 21.0], [0.0, 0.0, 17.0, 0.0, 0.0, 21.0, 252.0]]",0.9052518427518427,0.9028110188094051,0.903823120864263,0.9026245133908516
decision_tree_classifier,cross_validation,False,True,False,"{'max_depth': 100, 'min_samples_split': 2}",0.06000399589538574,"[[257.0, 15.0, 0.0, 0.0, 0.0, 0.0, 0.0], [17.0, 244.0, 0.0, 0.0, 0.0, 23.0, 3.0], [0.0, 0.0, 327.0, 9.0, 0.0, 0.0, 15.0], [0.0, 0.0, 12.0, 284.0, 1.0, 0.0, 0.0], [0.0, 0.0, 1.0, 0.0, 323.0, 0.0, 0.0], [0.0, 20.0, 1.0, 0.0, 0.0, 250.0, 19.0], [0.0, 0.0, 9.0, 0.0, 0.0, 10.0, 271.0]]",0.9265721313418682,0.92502148519409,0.9251864628254461,0.9246792445703691
decision_tree_classifier,cross_validation,False,True,False,"{'max_depth': 100, 'min_samples_split': 10}",0.05800175666809082,"[[259.0, 13.0, 0.0, 0.0, 0.0, 0.0, 0.0], [19.0, 243.0, 0.0, 0.0, 0.0, 24.0, 1.0], [0.0, 0.0, 322.0, 9.0, 1.0, 2.0, 17.0], [0.0, 0.0, 10.0, 283.0, 3.0, 0.0, 1.0], [0.0, 0.0, 0.0, 1.0, 323.0, 0.0, 0.0], [0.0, 20.0, 1.0, 0.0, 0.0, 256.0, 13.0], [0.0, 0.0, 16.0, 0.0, 0.0, 13.0, 261.0]]",0.9223074001034527,0.9211770193082378,0.9211237717877042,0.9207835867873735
decision_tree_classifier,cross_validation,False,True,False,"{'max_depth': 100, 'min_samples_split': 20}",0.056999921798706055,"[[252.0, 20.0, 0.0, 0.0, 0.0, 0.0, 0.0], [18.0, 237.0, 0.0, 0.0, 0.0, 32.0, 0.0], [0.0, 0.0, 326.0, 8.0, 0.0, 2.0, 15.0], [0.0, 0.0, 10.0, 285.0, 1.0, 0.0, 1.0], [0.0, 0.0, 0.0, 1.0, 323.0, 0.0, 0.0], [0.0, 22.0, 1.0, 0.0, 0.0, 246.0, 21.0], [0.0, 0.0, 17.0, 0.0, 0.0, 21.0, 252.0]]",0.9099873647571016,0.9079517922946915,0.9089601091124533,0.9075683745423242
decision_tree_classifier,holdout,False,True,False,default,0.020997285842895508,"[[74, 8, 0, 0, 0, 0, 0], [6, 72, 0, 0, 0, 8, 0], [0, 0, 100, 2, 0, 0, 4], [0, 0, 4, 83, 1, 0, 1], [0, 0, 0, 0, 97, 0, 0], [0, 11, 0, 0, 0, 60, 16], [0, 0, 4, 0, 0, 10, 73]]",0.8817034700315457,0.877766350711107,0.8791753910927111,0.8777880504434611
decision_tree_classifier,cross_validation,True,False,False,"{'max_depth': 10, 'min_samples_split': 2}",0.04799795150756836,"[[170.0, 84.0, 0.0, 0.0, 0.0, 18.0, 0.0], [11.0, 208.0, 1.0, 0.0, 0.0, 44.0, 23.0], [0.0, 1.0, 291.0, 20.0, 0.0, 20.0, 19.0], [0.0, 0.0, 7.0, 288.0, 0.0, 0.0, 2.0], [0.0, 0.0, 1.0, 0.0, 323.0, 0.0, 0.0], [0.0, 19.0, 8.0, 0.0, 0.0, 247.0, 16.0], [0.0, 13.0, 16.0, 4.0, 0.0, 33.0, 224.0]]",0.8294727143411355,0.8243054065764595,0.8415281351916817,0.8251464484530983
decision_tree_classifier,cross_validation,True,False,False,"{'max_depth': 10, 'min_samples_split': 10}",0.0480043888092041,"[[183.0, 71.0, 0.0, 0.0, 0.0, 18.0, 0.0], [17.0, 195.0, 2.0, 0.0, 0.0, 44.0, 29.0], [0.0, 0.0, 282.0, 20.0, 0.0, 20.0, 29.0], [0.0, 0.0, 6.0, 289.0, 0.0, 0.0, 2.0], [0.0, 0.0, 1.0, 0.0, 323.0, 0.0, 0.0], [0.0, 30.0, 10.0, 2.0, 0.0, 222.0, 26.0], [0.0, 13.0, 25.0, 5.0, 0.0, 33.0, 214.0]]",0.8090973748868486,0.803838448843508,0.8163583294241991,0.8050345704248775
decision_tree_classifier,cross_validation,True,False,False,"{'max_depth': 10, 'min_samples_split': 20}",0.04699349403381348,"[[138.0, 134.0, 0.0, 0.0, 0.0, 0.0, 0.0], [9.0, 207.0, 0.0, 0.0, 0.0, 39.0, 32.0], [0.0, 1.0, 258.0, 32.0, 0.0, 24.0, 36.0], [0.0, 0.0, 7.0, 286.0, 0.0, 2.0, 2.0], [0.0, 0.0, 0.0, 1.0, 323.0, 0.0, 0.0], [0.0, 48.0, 5.0, 0.0, 0.0, 211.0, 26.0], [0.0, 15.0, 16.0, 3.0, 0.0, 33.0, 223.0]]",0.7797305379542222,0.7738918923149267,0.8072488431618897,0.7749333274608267
decision_tree_classifier,cross_validation,True,False,False,"{'max_depth': 50, 'min_samples_split': 2}",0.04800152778625488,"[[170.0, 82.0, 0.0, 0.0, 0.0, 20.0, 0.0], [11.0, 199.0, 0.0, 0.0, 0.0, 51.0, 26.0], [0.0, 0.0, 291.0, 21.0, 0.0, 18.0, 21.0], [0.0, 0.0, 12.0, 283.0, 0.0, 0.0, 2.0], [0.0, 0.0, 1.0, 0.0, 323.0, 0.0, 0.0], [0.0, 22.0, 7.0, 0.0, 0.0, 235.0, 26.0], [0.0, 14.0, 16.0, 4.0, 0.0, 27.0, 229.0]]",0.8195207767576189,0.8143844765605722,0.8312547696917988,0.8157589949715578
decision_tree_classifier,cross_validation,True,False,False,"{'max_depth': 50, 'min_samples_split': 10}",0.05099916458129883,"[[183.0, 69.0, 0.0, 0.0, 0.0, 20.0, 0.0], [15.0, 194.0, 2.0, 0.0, 0.0, 46.0, 30.0], [0.0, 0.0, 284.0, 23.0, 0.0, 18.0, 26.0], [0.0, 0.0, 6.0, 289.0, 0.0, 0.0, 2.0], [0.0, 0.0, 1.0, 0.0, 323.0, 0.0, 0.0], [0.0, 48.0, 10.0, 3.0, 0.0, 202.0, 27.0], [0.0, 13.0, 22.0, 13.0, 0.0, 25.0, 217.0]]",0.8015236378723221,0.7961497695497212,0.8093115429588508,0.7973672840206575
decision_tree_classifier,cross_validation,True,False,False,"{'max_depth': 50, 'min_samples_split': 20}",0.046155452728271484,"[[138.0, 134.0, 0.0, 0.0, 0.0, 0.0, 0.0], [9.0, 210.0, 0.0, 0.0, 0.0, 35.0, 33.0], [0.0, 1.0, 259.0, 32.0, 0.0, 24.0, 35.0], [0.0, 0.0, 7.0, 286.0, 0.0, 2.0, 2.0], [0.0, 0.0, 0.0, 1.0, 323.0, 0.0, 0.0], [0.0, 65.0, 5.0, 0.0, 0.0, 190.0, 30.0], [0.0, 15.0, 16.0, 4.0, 0.0, 30.0, 225.0]]",0.7726296122677702,0.7663781098549528,0.8013697345069971,0.7679530662200319
decision_tree_classifier,cross_validation,True,False,False,"{'max_depth': 100, 'min_samples_split': 2}",0.04800271987915039,"[[168.0, 84.0, 0.0, 0.0, 0.0, 20.0, 0.0], [11.0, 201.0, 1.0, 0.0, 0.0, 48.0, 26.0], [0.0, 1.0, 288.0, 20.0, 0.0, 18.0, 24.0], [0.0, 0.0, 9.0, 286.0, 0.0, 0.0, 2.0], [0.0, 0.0, 0.0, 1.0, 323.0, 0.0, 0.0], [0.0, 19.0, 8.0, 0.0, 0.0, 243.0, 20.0], [0.0, 16.0, 18.0, 4.0, 0.0, 30.0, 222.0]]",0.8200030173714384,0.814677193612808,0.8331310355593023,0.8156988404769997
decision_tree_classifier,cross_validation,True,False,False,"{'max_depth': 100, 'min_samples_split': 10}",0.04899477958679199,"[[183.0, 69.0, 0.0, 0.0, 0.0, 20.0, 0.0], [15.0, 199.0, 2.0, 0.0, 0.0, 46.0, 25.0], [0.0, 0.0, 288.0, 24.0, 0.0, 18.0, 21.0], [0.0, 0.0, 6.0, 289.0, 0.0, 0.0, 2.0], [0.0, 0.0, 0.0, 1.0, 323.0, 0.0, 0.0], [0.0, 47.0, 10.0, 1.0, 0.0, 211.0, 21.0], [0.0, 12.0, 23.0, 5.0, 0.0, 37.0, 213.0]]",0.8081625285572654,0.8030025200618208,0.8182206882137851,0.8048020415441499
decision_tree_classifier,cross_validation,True,False,False,"{'max_depth': 100, 'min_samples_split': 20}",0.04700517654418945,"[[138.0, 134.0, 0.0, 0.0, 0.0, 0.0, 0.0], [9.0, 210.0, 0.0, 0.0, 0.0, 36.0, 32.0], [0.0, 1.0, 260.0, 31.0, 0.0, 24.0, 35.0], [0.0, 0.0, 7.0, 286.0, 0.0, 2.0, 2.0], [0.0, 0.0, 0.0, 1.0, 323.0, 0.0, 0.0], [0.0, 65.0, 5.0, 0.0, 0.0, 194.0, 26.0], [0.0, 15.0, 16.0, 4.0, 0.0, 32.0, 223.0]]",0.7740500668132246,0.7680086562503895,0.8033908991453451,0.7697955922609209
decision_tree_classifier,holdout,True,False,False,default,0.014997720718383789,"[[51, 31, 0, 0, 0, 0, 0], [5, 59, 0, 0, 0, 13, 9], [0, 0, 76, 3, 0, 15, 12], [0, 0, 3, 84, 0, 0, 2], [0, 0, 0, 0, 97, 0, 0], [0, 10, 1, 0, 0, 68, 8], [0, 6, 6, 0, 0, 13, 62]]",0.7839116719242902,0.780435994499699,0.8010108726552716,0.7832417613196229
decision_tree_classifier,cross_validation,False,False,False,"{'max_depth': 10, 'min_samples_split': 2}",0.05100536346435547,"[[260.0, 12.0, 0.0, 0.0, 0.0, 0.0, 0.0], [13.0, 253.0, 0.0, 0.0, 0.0, 20.0, 1.0], [0.0, 0.0, 324.0, 11.0, 0.0, 2.0, 14.0], [0.0, 0.0, 11.0, 284.0, 2.0, 0.0, 0.0], [0.0, 0.0, 0.0, 1.0, 323.0, 0.0, 0.0], [0.0, 18.0, 1.0, 0.0, 0.0, 253.0, 18.0], [0.0, 0.0, 10.0, 0.0, 0.0, 13.0, 267.0]]",0.9303627042113884,0.9296128492821856,0.9291921711686159,0.929029872600763
decision_tree_classifier,cross_validation,False,False,False,"{'max_depth': 10, 'min_samples_split': 10}",0.050995588302612305,"[[260.0, 12.0, 0.0, 0.0, 0.0, 0.0, 0.0], [19.0, 242.0, 0.0, 0.0, 0.0, 26.0, 0.0], [0.0, 0.0, 324.0, 8.0, 0.0, 2.0, 17.0], [0.0, 0.0, 11.0, 283.0, 2.0, 0.0, 1.0], [0.0, 0.0, 0.0, 1.0, 323.0, 0.0, 0.0], [0.0, 21.0, 1.0, 0.0, 0.0, 254.0, 14.0], [0.0, 0.0, 16.0, 0.0, 0.0, 15.0, 259.0]]",0.9213617774473039,0.9201184213852239,0.9202153242770233,0.9197550037356256
decision_tree_classifier,cross_validation,False,False,False,"{'max_depth': 10, 'min_samples_split': 20}",0.05099940299987793,"[[251.0, 21.0, 0.0, 0.0, 0.0, 0.0, 0.0], [16.0, 238.0, 0.0, 0.0, 0.0, 33.0, 0.0], [0.0, 0.0, 328.0, 8.0, 0.0, 0.0, 15.0], [0.0, 0.0, 12.0, 283.0, 1.0, 0.0, 1.0], [0.0, 0.0, 0.0, 1.0, 323.0, 0.0, 0.0], [0.0, 25.0, 1.0, 0.0, 0.0, 243.0, 21.0], [0.0, 0.0, 17.0, 0.0, 0.0, 21.0, 252.0]]",0.9085675837320575,0.9063570198978109,0.9075996024439049,0.9062165544706146
decision_tree_classifier,cross_validation,False,False,False,"{'max_depth': 50, 'min_samples_split': 2}",0.05153012275695801,"[[260.0, 12.0, 0.0, 0.0, 0.0, 0.0, 0.0], [14.0, 250.0, 0.0, 0.0, 0.0, 22.0, 1.0], [0.0, 0.0, 322.0, 11.0, 1.0, 0.0, 17.0], [0.0, 0.0, 9.0, 283.0, 4.0, 0.0, 1.0], [0.0, 0.0, 1.0, 0.0, 323.0, 0.0, 0.0], [0.0, 18.0, 1.0, 0.0, 0.0, 252.0, 19.0], [0.0, 0.0, 9.0, 0.0, 0.0, 13.0, 268.0]]",0.927519101038838,0.9269579617590561,0.9265400842379167,0.9262044815250491
decision_tree_classifier,cross_validation,False,False,False,"{'max_depth': 50, 'min_samples_split': 10}",0.051996707916259766,"[[260.0, 12.0, 0.0, 0.0, 0.0, 0.0, 0.0], [18.0, 244.0, 0.0, 0.0, 0.0, 25.0, 0.0], [0.0, 0.0, 324.0, 9.0, 1.0, 0.0, 17.0], [0.0, 0.0, 10.0, 283.0, 3.0, 0.0, 1.0], [0.0, 0.0, 1.0, 0.0, 323.0, 0.0, 0.0], [0.0, 21.0, 1.0, 0.0, 0.0, 254.0, 14.0], [0.0, 0.0, 16.0, 0.0, 0.0, 15.0, 259.0]]",0.9223080736238631,0.9210413141985985,0.9212983412868329,0.9207685142571731
decision_tree_classifier,cross_validation,False,False,False,"{'max_depth': 50, 'min_samples_split': 20}",0.052004337310791016,"[[252.0, 20.0, 0.0, 0.0, 0.0, 0.0, 0.0], [17.0, 237.0, 0.0, 0.0, 0.0, 33.0, 0.0], [0.0, 0.0, 327.0, 9.0, 0.0, 0.0, 15.0], [0.0, 0.0, 12.0, 283.0, 1.0, 0.0, 1.0], [0.0, 0.0, 0.0, 1.0, 323.0, 0.0, 0.0], [0.0, 23.0, 1.0, 0.0, 0.0, 245.0, 21.0], [0.0, 0.0, 17.0, 0.0, 0.0, 21.0, 252.0]]",0.9090403950601319,0.9069369716945103,0.9080704889504281,0.9066376165193853
decision_tree_classifier,cross_validation,False,False,False,"{'max_depth': 100, 'min_samples_split': 2}",0.05099678039550781,"[[255.0, 17.0, 0.0, 0.0, 0.0, 0.0, 0.0], [14.0, 252.0, 0.0, 0.0, 0.0, 20.0, 1.0], [0.0, 0.0, 323.0, 8.0, 2.0, 2.0, 16.0], [0.0, 0.0, 10.0, 284.0, 3.0, 0.0, 0.0], [0.0, 0.0, 1.0, 0.0, 323.0, 0.0, 0.0], [0.0, 18.0, 1.0, 0.0, 0.0, 253.0, 18.0], [0.0, 0.0, 10.0, 0.0, 0.0, 11.0, 269.0]]",0.9279946064485539,0.927026141618469,0.92712603467983,0.9264759091212079
decision_tree_classifier,cross_validation,False,False,False,"{'max_depth': 100, 'min_samples_split': 10}",0.05000162124633789,"[[260.0, 12.0, 0.0, 0.0, 0.0, 0.0, 0.0], [19.0, 244.0, 0.0, 0.0, 0.0, 23.0, 1.0], [0.0, 0.0, 324.0, 8.0, 0.0, 2.0, 17.0], [0.0, 0.0, 10.0, 284.0, 2.0, 0.0, 1.0], [0.0, 0.0, 1.0, 0.0, 323.0, 0.0, 0.0], [0.0, 22.0, 1.0, 0.0, 0.0, 252.0, 15.0], [0.0, 0.0, 16.0, 0.0, 0.0, 14.0, 260.0]]",0.9223100941850942,0.9211319363929918,0.9211111346657823,0.9207574085400125
decision_tree_classifier,cross_validation,False,False,False,"{'max_depth': 100, 'min_samples_split': 20}",0.05099964141845703,"[[251.0, 21.0, 0.0, 0.0, 0.0, 0.0, 0.0], [16.0, 237.0, 0.0, 0.0, 0.0, 34.0, 0.0], [0.0, 0.0, 326.0, 8.0, 0.0, 2.0, 15.0], [0.0, 0.0, 12.0, 283.0, 1.0, 0.0, 1.0], [0.0, 0.0, 0.0, 1.0, 323.0, 0.0, 0.0], [0.0, 24.0, 1.0, 0.0, 0.0, 242.0, 23.0], [0.0, 0.0, 17.0, 0.0, 0.0, 22.0, 251.0]]",0.9062001594896332,0.9039154134787521,0.9053253559785027,0.9037654095786012
decision_tree_classifier,holdout,False,False,False,default,0.01900005340576172,"[[74, 8, 0, 0, 0, 0, 0], [6, 72, 0, 0, 0, 8, 0], [0, 0, 100, 2, 0, 0, 4], [0, 0, 4, 83, 1, 0, 1], [0, 0, 0, 0, 97, 0, 0], [0, 11, 0, 0, 0, 60, 16], [0, 0, 4, 0, 0, 10, 73]]",0.8817034700315457,0.877766350711107,0.8791753910927111,0.8777880504434611
svm_classifier,cross_validation,True,True,True,"{'C': 0.01, 'kernel': 'linear'}",0.135786771774292,"[[84.0, 77.0, 91.0, 1.0, 0.0, 15.0, 4.0], [65.0, 85.0, 39.0, 6.0, 4.0, 50.0, 38.0], [7.0, 2.0, 192.0, 87.0, 15.0, 25.0, 23.0], [0.0, 1.0, 15.0, 274.0, 1.0, 3.0, 3.0], [0.0, 0.0, 0.0, 1.0, 322.0, 0.0, 1.0], [17.0, 71.0, 71.0, 29.0, 3.0, 88.0, 11.0], [4.0, 14.0, 66.0, 95.0, 1.0, 31.0, 79.0]]",0.5324441516875728,0.5207318269705605,0.5244077904832869,0.5015886249072556
svm_classifier,cross_validation,True,True,True,"{'C': 0.01, 'kernel': 'rbf'}",0.34239792823791504,"[[0.0, 0.0, 2.0, 0.0, 270.0, 0.0, 0.0], [0.0, 0.0, 4.0, 0.0, 283.0, 0.0, 0.0], [0.0, 0.0, 42.0, 2.0, 307.0, 0.0, 0.0], [0.0, 0.0, 1.0, 19.0, 277.0, 0.0, 0.0], [0.0, 0.0, 0.0, 0.0, 324.0, 0.0, 0.0], [0.0, 0.0, 9.0, 2.0, 279.0, 0.0, 0.0], [0.0, 0.0, 14.0, 4.0, 272.0, 0.0, 0.0]]",0.1823933682486314,0.16951118770462248,0.7956292001213522,0.08125117817055931
svm_classifier,cross_validation,True,True,True,"{'C': 0.1, 'kernel': 'linear'}",0.13883233070373535,"[[113.0, 91.0, 31.0, 1.0, 0.0, 30.0, 6.0], [49.0, 114.0, 17.0, 0.0, 3.0, 53.0, 51.0], [4.0, 15.0, 207.0, 46.0, 8.0, 30.0, 41.0], [0.0, 1.0, 11.0, 275.0, 0.0, 3.0, 7.0], [0.0, 0.0, 1.0, 1.0, 322.0, 0.0, 0.0], [15.0, 85.0, 35.0, 10.0, 0.0, 110.0, 35.0], [2.0, 18.0, 48.0, 56.0, 0.0, 27.0, 139.0]]",0.6063515668778826,0.5966417042920192,0.5982284574554346,0.5906519076542929
svm_classifier,cross_validation,True,True,True,"{'C': 0.1, 'kernel': 'rbf'}",0.7448098659515381,"[[56.0, 4.0, 186.0, 6.0, 0.0, 2.0, 18.0], [28.0, 2.0, 202.0, 2.0, 3.0, 12.0, 38.0], [2.0, 0.0, 255.0, 74.0, 7.0, 5.0, 8.0], [0.0, 0.0, 18.0, 273.0, 0.0, 0.0, 6.0], [0.0, 0.0, 1.0, 1.0, 321.0, 0.0, 1.0], [5.0, 1.0, 212.0, 33.0, 0.0, 21.0, 18.0], [1.0, 0.0, 132.0, 60.0, 1.0, 3.0, 93.0]]",0.4836529861200914,0.46396915009006756,0.5820426861992742,0.4170747526313467
svm_classifier,cross_validation,True,True,True,"{'C': 1, 'kernel': 'linear'}",0.15396332740783691,"[[119.0, 94.0, 2.0, 0.0, 0.0, 41.0, 16.0], [49.0, 136.0, 11.0, 0.0, 2.0, 52.0, 37.0], [5.0, 20.0, 234.0, 28.0, 3.0, 16.0, 45.0], [0.0, 1.0, 10.0, 277.0, 1.0, 2.0, 6.0], [0.0, 0.0, 1.0, 1.0, 322.0, 0.0, 0.0], [24.0, 81.0, 22.0, 1.0, 0.0, 121.0, 41.0], [2.0, 35.0, 37.0, 21.0, 1.0, 29.0, 165.0]]",0.6508820423294107,0.6409607662138622,0.6486379202206329,0.6394250686508748
svm_classifier,cross_validation,True,True,True,"{'C': 1, 'kernel': 'rbf'}",0.2445530891418457,"[[110.0, 92.0, 48.0, 0.0, 0.0, 13.0, 9.0], [24.0, 151.0, 35.0, 3.0, 0.0, 40.0, 34.0], [0.0, 39.0, 231.0, 28.0, 3.0, 34.0, 16.0], [0.0, 7.0, 10.0, 266.0, 0.0, 1.0, 13.0], [0.0, 0.0, 1.0, 1.0, 321.0, 0.0, 1.0], [5.0, 79.0, 33.0, 2.0, 0.0, 149.0, 22.0], [1.0, 38.0, 44.0, 20.0, 0.0, 29.0, 158.0]]",0.6565557782663046,0.6472322668258107,0.6791217785744513,0.6501895831898529
svm_classifier,holdout,True,True,True,default,0.07796764373779297,"[[36, 24, 17, 0, 0, 4, 1], [9, 43, 11, 0, 0, 11, 12], [0, 12, 62, 7, 3, 17, 5], [0, 3, 2, 79, 0, 0, 5], [0, 0, 0, 0, 97, 0, 0], [3, 17, 8, 0, 0, 49, 10], [1, 11, 16, 5, 0, 9, 45]]",0.6482649842271293,0.6417186100249151,0.6599407309400271,0.644089800370556
svm_classifier,cross_validation,False,True,True,"{'C': 0.01, 'kernel': 'linear'}",0.2493131160736084,"[[230.0, 11.0, 9.0, 2.0, 0.0, 20.0, 0.0], [112.0, 91.0, 29.0, 5.0, 0.0, 35.0, 15.0], [5.0, 10.0, 244.0, 71.0, 4.0, 4.0, 13.0], [1.0, 1.0, 15.0, 276.0, 1.0, 0.0, 3.0], [0.0, 0.0, 0.0, 1.0, 322.0, 0.0, 1.0], [30.0, 20.0, 120.0, 25.0, 0.0, 81.0, 14.0], [6.0, 21.0, 144.0, 48.0, 3.0, 5.0, 63.0]]",0.6191269020216388,0.6116603198022029,0.6297704404714214,0.5834857918157141
svm_classifier,cross_validation,False,True,True,"{'C': 0.01, 'kernel': 'rbf'}",0.7101852893829346,"[[0.0, 0.0, 272.0, 0.0, 0.0, 0.0, 0.0], [0.0, 0.0, 287.0, 0.0, 0.0, 0.0, 0.0], [0.0, 0.0, 351.0, 0.0, 0.0, 0.0, 0.0], [0.0, 0.0, 297.0, 0.0, 0.0, 0.0, 0.0], [0.0, 0.0, 33.0, 0.0, 291.0, 0.0, 0.0], [0.0, 0.0, 290.0, 0.0, 0.0, 0.0, 0.0], [0.0, 0.0, 290.0, 0.0, 0.0, 0.0, 0.0]]",0.3041214060950903,0.2712865831690932,0.8846941218384231,0.1814074726086411
svm_classifier,cross_validation,False,True,True,"{'C': 0.1, 'kernel': 'linear'}",0.26003551483154297,"[[222.0, 19.0, 0.0, 0.0, 0.0, 31.0, 0.0], [96.0, 108.0, 18.0, 2.0, 1.0, 41.0, 21.0], [4.0, 8.0, 248.0, 58.0, 3.0, 19.0, 11.0], [1.0, 1.0, 14.0, 279.0, 0.0, 0.0, 2.0], [0.0, 0.0, 0.0, 1.0, 322.0, 0.0, 1.0], [24.0, 31.0, 67.0, 6.0, 0.0, 148.0, 14.0], [3.0, 27.0, 134.0, 27.0, 0.0, 33.0, 66.0]]",0.6598701722056987,0.6528689267255204,0.6547801089840353,0.633425870309518
svm_classifier,cross_validation,False,True,True,"{'C': 0.1, 'kernel': 'rbf'}",0.5823180675506592,"[[218.0, 25.0, 17.0, 4.0, 0.0, 8.0, 0.0], [67.0, 163.0, 32.0, 2.0, 0.0, 13.0, 10.0], [3.0, 25.0, 230.0, 72.0, 8.0, 5.0, 8.0], [1.0, 17.0, 23.0, 246.0, 0.0, 0.0, 10.0], [0.0, 2.0, 0.0, 0.0, 321.0, 0.0, 1.0], [19.0, 46.0, 97.0, 41.0, 1.0, 81.0, 5.0], [4.0, 44.0, 96.0, 47.0, 1.0, 5.0, 93.0]]",0.6404343937238673,0.6351783771605083,0.6736956530826658,0.6207859506065532
svm_classifier,cross_validation,False,True,True,"{'C': 1, 'kernel': 'linear'}",0.32279276847839355,"[[229.0, 18.0, 0.0, 0.0, 0.0, 25.0, 0.0], [95.0, 115.0, 6.0, 0.0, 0.0, 40.0, 31.0], [1.0, 9.0, 265.0, 31.0, 1.0, 22.0, 22.0], [0.0, 1.0, 10.0, 283.0, 1.0, 0.0, 2.0], [0.0, 0.0, 2.0, 0.0, 321.0, 0.0, 1.0], [13.0, 36.0, 33.0, 1.0, 0.0, 166.0, 41.0], [3.0, 27.0, 86.0, 17.0, 0.0, 31.0, 126.0]]",0.7129328042156989,0.7084432413023117,0.6991806546203514,0.6959856707412402
svm_classifier,cross_validation,False,True,True,"{'C': 1, 'kernel': 'rbf'}",0.4232301712036133,"[[235.0, 25.0, 0.0, 0.0, 0.0, 12.0, 0.0], [41.0, 178.0, 15.0, 1.0, 0.0, 31.0, 21.0], [2.0, 24.0, 249.0, 41.0, 3.0, 11.0, 21.0], [0.0, 6.0, 4.0, 284.0, 0.0, 0.0, 3.0], [0.0, 1.0, 0.0, 1.0, 321.0, 0.0, 1.0], [9.0, 41.0, 43.0, 4.0, 0.0, 171.0, 22.0], [4.0, 29.0, 46.0, 17.0, 0.0, 29.0, 165.0]]",0.7593424016121384,0.7573159678255031,0.7558267007614748,0.7531492847137494
svm_classifier,holdout,False,True,True,default,0.14800024032592773,"[[72, 4, 0, 0, 0, 6, 0], [13, 51, 5, 0, 0, 9, 8], [0, 8, 79, 7, 3, 4, 5], [0, 3, 1, 85, 0, 0, 0], [0, 0, 0, 0, 97, 0, 0], [4, 15, 12, 0, 0, 47, 9], [2, 16, 15, 4, 0, 7, 43]]",0.7476340694006309,0.7436991419379505,0.7404471249408154,0.7387853713979836
svm_classifier,cross_validation,True,False,True,"{'C': 0.01, 'kernel': 'linear'}",0.11599946022033691,"[[225.0, 47.0, 0.0, 0.0, 0.0, 0.0, 0.0], [76.0, 120.0, 0.0, 0.0, 0.0, 76.0, 15.0], [0.0, 0.0, 133.0, 17.0, 59.0, 23.0, 119.0], [0.0, 0.0, 51.0, 24.0, 222.0, 0.0, 0.0], [0.0, 0.0, 42.0, 31.0, 251.0, 0.0, 0.0], [6.0, 50.0, 16.0, 0.0, 0.0, 140.0, 78.0], [0.0, 23.0, 71.0, 0.0, 0.0, 47.0, 149.0]]",0.493614352989353,0.49822742502261236,0.544857036247893,0.46206583755512803
svm_classifier,cross_validation,True,False,True,"{'C': 0.01, 'kernel': 'rbf'}",0.28499889373779297,"[[0.0, 0.0, 28.0, 0.0, 244.0, 0.0, 0.0], [0.0, 0.0, 167.0, 0.0, 120.0, 0.0, 0.0], [0.0, 0.0, 200.0, 0.0, 151.0, 0.0, 0.0], [0.0, 0.0, 1.0, 0.0, 296.0, 0.0, 0.0], [0.0, 0.0, 0.0, 0.0, 324.0, 0.0, 0.0], [0.0, 0.0, 272.0, 0.0, 18.0, 0.0, 0.0], [0.0, 0.0, 260.0, 0.0, 30.0, 0.0, 0.0]]",0.24822392667787405,0.22410698066530435,0.7845538610058901,0.10632746161943861
svm_classifier,cross_validation,True,False,True,"{'C': 0.1, 'kernel': 'linear'}",0.11295437812805176,"[[219.0, 53.0, 0.0, 0.0, 0.0, 0.0, 0.0], [73.0, 125.0, 0.0, 0.0, 0.0, 74.0, 15.0], [0.0, 0.0, 136.0, 17.0, 58.0, 24.0, 116.0], [0.0, 0.0, 51.0, 24.0, 222.0, 0.0, 0.0], [0.0, 0.0, 42.0, 31.0, 251.0, 0.0, 0.0], [5.0, 51.0, 16.0, 0.0, 0.0, 140.0, 78.0], [0.0, 23.0, 71.0, 0.0, 0.0, 48.0, 148.0]]",0.4940864907970171,0.4981758155958463,0.5462182709504435,0.4628297886839578
svm_classifier,cross_validation,True,False,True,"{'C': 0.1, 'kernel': 'rbf'}",0.23160934448242188,"[[234.0, 37.0, 0.0, 0.0, 0.0, 1.0, 0.0], [88.0, 83.0, 3.0, 0.0, 0.0, 99.0, 14.0], [0.0, 0.0, 123.0, 10.0, 87.0, 17.0, 114.0], [0.0, 0.0, 26.0, 108.0, 163.0, 0.0, 0.0], [0.0, 0.0, 7.0, 31.0, 286.0, 0.0, 0.0], [7.0, 26.0, 32.0, 0.0, 0.0, 162.0, 63.0], [0.0, 8.0, 91.0, 0.0, 2.0, 63.0, 126.0]]",0.5315173876029139,0.5380233014270993,0.5691909947766947,0.506947889502361
svm_classifier,cross_validation,True,False,True,"{'C': 1, 'kernel': 'linear'}",2.133464813232422,"[[220.0, 52.0, 0.0, 0.0, 0.0, 0.0, 0.0], [73.0, 125.0, 0.0, 0.0, 0.0, 74.0, 15.0], [0.0, 0.0, 136.0, 17.0, 58.0, 24.0, 116.0], [0.0, 0.0, 51.0, 24.0, 222.0, 0.0, 0.0], [0.0, 0.0, 42.0, 31.0, 251.0, 0.0, 0.0], [5.0, 51.0, 16.0, 0.0, 0.0, 140.0, 78.0], [0.0, 23.0, 71.0, 0.0, 0.0, 48.0, 148.0]]",0.4945606491659123,0.49869341393953165,0.5466532295083719,0.46325736628309144
svm_classifier,cross_validation,True,False,True,"{'C': 1, 'kernel': 'rbf'}",0.2118229866027832,"[[231.0, 41.0, 0.0, 0.0, 0.0, 0.0, 0.0], [80.0, 115.0, 2.0, 0.0, 0.0, 80.0, 10.0], [0.0, 0.0, 123.0, 13.0, 80.0, 29.0, 106.0], [0.0, 0.0, 30.0, 194.0, 73.0, 0.0, 0.0], [0.0, 0.0, 13.0, 37.0, 274.0, 0.0, 0.0], [6.0, 48.0, 26.0, 0.0, 0.0, 153.0, 57.0], [0.0, 22.0, 82.0, 0.0, 2.0, 64.0, 120.0]]",0.5731874218716324,0.5779339943831235,0.5732986680514855,0.5667895482283497
svm_classifier,holdout,True,False,True,default,0.0709993839263916,"[[67, 15, 0, 0, 0, 0, 0], [22, 30, 0, 0, 0, 30, 4], [0, 0, 35, 4, 25, 9, 33], [0, 0, 11, 51, 27, 0, 0], [0, 0, 3, 8, 86, 0, 0], [1, 12, 8, 0, 0, 57, 9], [0, 4, 19, 0, 0, 29, 35]]",0.5694006309148265,0.5733145670938045,0.5739407170964933,0.5613169226118009
svm_classifier,cross_validation,False,False,True,"{'C': 0.01, 'kernel': 'linear'}",0.14972758293151855,"[[220.0, 52.0, 0.0, 0.0, 0.0, 0.0, 0.0], [77.0, 131.0, 0.0, 0.0, 0.0, 65.0, 14.0], [0.0, 0.0, 164.0, 27.0, 24.0, 3.0, 133.0], [0.0, 0.0, 47.0, 136.0, 114.0, 0.0, 0.0], [0.0, 0.0, 42.0, 1.0, 281.0, 0.0, 0.0], [6.0, 62.0, 15.0, 0.0, 0.0, 137.0, 70.0], [0.0, 24.0, 69.0, 1.0, 0.0, 43.0, 153.0]]",0.5788692400534506,0.5804919712526161,0.5950921464103374,0.5757123266816428
svm_classifier,cross_validation,False,False,True,"{'C': 0.01, 'kernel': 'rbf'}",0.5028986930847168,"[[88.0, 183.0, 0.0, 0.0, 0.0, 1.0, 0.0], [59.0, 154.0, 24.0, 0.0, 0.0, 50.0, 0.0], [0.0, 0.0, 307.0, 0.0, 44.0, 0.0, 0.0], [0.0, 0.0, 59.0, 0.0, 238.0, 0.0, 0.0], [0.0, 0.0, 74.0, 0.0, 250.0, 0.0, 0.0], [6.0, 94.0, 120.0, 0.0, 0.0, 70.0, 0.0], [2.0, 25.0, 241.0, 0.0, 0.0, 22.0, 0.0]]",0.41164085736454153,0.39521086703274366,0.6495748984215859,0.30207141335252086
svm_classifier,cross_validation,False,False,True,"{'C': 0.1, 'kernel': 'linear'}",0.18694806098937988,"[[217.0, 55.0, 0.0, 0.0, 0.0, 0.0, 0.0], [75.0, 133.0, 0.0, 0.0, 0.0, 64.0, 15.0], [0.0, 0.0, 164.0, 27.0, 23.0, 2.0, 135.0], [0.0, 0.0, 47.0, 140.0, 110.0, 0.0, 0.0], [0.0, 0.0, 45.0, 1.0, 278.0, 0.0, 0.0], [6.0, 63.0, 14.0, 0.0, 0.0, 135.0, 72.0], [0.0, 24.0, 67.0, 1.0, 0.0, 40.0, 158.0]]",0.580293062200957,0.5818974190099436,0.5975617925349944,0.5778774455639271
svm_classifier,cross_validation,False,False,True,"{'C': 0.1, 'kernel': 'rbf'}",0.3866441249847412,"[[226.0, 46.0, 0.0, 0.0, 0.0, 0.0, 0.0], [84.0, 115.0, 1.0, 0.0, 0.0, 76.0, 11.0], [0.0, 0.0, 115.0, 20.0, 71.0, 10.0, 135.0], [0.0, 0.0, 30.0, 212.0, 55.0, 0.0, 0.0], [0.0, 0.0, 26.0, 64.0, 234.0, 0.0, 0.0], [7.0, 43.0, 12.0, 0.0, 0.0, 156.0, 72.0], [0.0, 21.0, 61.0, 0.0, 2.0, 54.0, 152.0]]",0.5731975246777878,0.580875282310708,0.582157052191803,0.5670090098355519
svm_classifier,cross_validation,False,False,True,"{'C': 1, 'kernel': 'linear'}",0.3999183177947998,"[[217.0, 55.0, 0.0, 0.0, 0.0, 0.0, 0.0], [75.0, 133.0, 0.0, 0.0, 0.0, 64.0, 15.0], [0.0, 0.0, 164.0, 27.0, 23.0, 2.0, 135.0], [0.0, 0.0, 47.0, 140.0, 110.0, 0.0, 0.0], [0.0, 0.0, 49.0, 1.0, 274.0, 0.0, 0.0], [6.0, 63.0, 14.0, 0.0, 0.0, 135.0, 72.0], [0.0, 24.0, 66.0, 1.0, 0.0, 40.0, 159.0]]",0.5788712606146817,0.5806162398716216,0.5966945832759484,0.5770126788641525
svm_classifier,cross_validation,False,False,True,"{'C': 1, 'kernel': 'rbf'}",0.3255596160888672,"[[226.0, 46.0, 0.0, 0.0, 0.0, 0.0, 0.0], [84.0, 113.0, 4.0, 0.0, 0.0, 77.0, 9.0], [0.0, 0.0, 159.0, 18.0, 29.0, 9.0, 136.0], [0.0, 0.0, 31.0, 228.0, 38.0, 0.0, 0.0], [0.0, 0.0, 9.0, 3.0, 312.0, 0.0, 0.0], [7.0, 44.0, 21.0, 0.0, 0.0, 159.0, 59.0], [0.0, 21.0, 65.0, 1.0, 3.0, 58.0, 142.0]]",0.6342939081425923,0.6356856759597757,0.6350650319682253,0.6294164223896337
svm_classifier,holdout,False,False,True,default,0.1058812141418457,"[[64, 18, 0, 0, 0, 0, 0], [26, 32, 0, 0, 0, 24, 4], [0, 0, 45, 8, 7, 8, 38], [0, 0, 11, 64, 14, 0, 0], [0, 0, 0, 0, 97, 0, 0], [2, 10, 8, 0, 0, 54, 13], [0, 4, 15, 0, 0, 27, 41]]",0.6261829652996845,0.6268806109435238,0.6258792362570853,0.6191756294358798
svm_classifier,cross_validation,True,True,False,"{'C': 0.01, 'kernel': 'linear'}",0.12400579452514648,"[[103.0, 76.0, 20.0, 0.0, 0.0, 67.0, 6.0], [53.0, 96.0, 26.0, 1.0, 1.0, 65.0, 45.0], [1.0, 5.0, 183.0, 84.0, 17.0, 22.0, 39.0], [0.0, 1.0, 10.0, 284.0, 1.0, 0.0, 1.0], [0.0, 0.0, 1.0, 1.0, 322.0, 0.0, 0.0], [11.0, 78.0, 48.0, 9.0, 3.0, 112.0, 29.0], [1.0, 15.0, 71.0, 71.0, 0.0, 41.0, 91.0]]",0.5641891891891891,0.5546445267819659,0.556437609452712,0.5419224868789986
svm_classifier,cross_validation,True,True,False,"{'C': 0.01, 'kernel': 'rbf'}",0.33399534225463867,"[[0.0, 0.0, 0.0, 0.0, 272.0, 0.0, 0.0], [0.0, 0.0, 1.0, 0.0, 286.0, 0.0, 0.0], [0.0, 0.0, 23.0, 0.0, 328.0, 0.0, 0.0], [0.0, 0.0, 0.0, 6.0, 291.0, 0.0, 0.0], [0.0, 0.0, 0.0, 0.0, 324.0, 0.0, 0.0], [0.0, 0.0, 3.0, 0.0, 287.0, 0.0, 0.0], [0.0, 0.0, 10.0, 3.0, 277.0, 0.0, 0.0]]",0.16722770916849863,0.15524311012106856,0.7837752661482028,0.059746654825233135
svm_classifier,cross_validation,True,True,False,"{'C': 0.1, 'kernel': 'linear'}",0.1020042896270752,"[[134.0, 132.0, 0.0, 0.0, 0.0, 6.0, 0.0], [38.0, 155.0, 0.0, 0.0, 1.0, 56.0, 37.0], [0.0, 1.0, 270.0, 39.0, 12.0, 0.0, 29.0], [0.0, 0.0, 2.0, 294.0, 1.0, 0.0, 0.0], [0.0, 0.0, 1.0, 1.0, 322.0, 0.0, 0.0], [1.0, 86.0, 0.0, 0.0, 1.0, 142.0, 60.0], [0.0, 4.0, 23.0, 4.0, 2.0, 28.0, 229.0]]",0.7323598269321954,0.7228832634424149,0.7413325701228288,0.721752495062554
svm_classifier,cross_validation,True,True,False,"{'C': 0.1, 'kernel': 'rbf'}",0.26999592781066895,"[[55.0, 2.0, 189.0, 0.0, 0.0, 7.0, 19.0], [21.0, 2.0, 204.0, 0.0, 0.0, 17.0, 43.0], [1.0, 1.0, 249.0, 74.0, 7.0, 6.0, 13.0], [0.0, 0.0, 17.0, 270.0, 0.0, 0.0, 10.0], [0.0, 0.0, 1.0, 1.0, 321.0, 0.0, 1.0], [3.0, 0.0, 216.0, 7.0, 0.0, 40.0, 24.0], [1.0, 0.0, 126.0, 42.0, 1.0, 9.0, 111.0]]",0.4964431387128756,0.47817757812888756,0.6434120245730135,0.44122551589482056
svm_classifier,cross_validation,True,True,False,"{'C': 1, 'kernel': 'linear'}",0.0989980697631836,"[[144.0, 128.0, 0.0, 0.0, 0.0, 0.0, 0.0], [24.0, 209.0, 0.0, 0.0, 0.0, 45.0, 9.0], [0.0, 0.0, 311.0, 23.0, 5.0, 0.0, 12.0], [0.0, 0.0, 1.0, 295.0, 1.0, 0.0, 0.0], [0.0, 0.0, 0.0, 2.0, 322.0, 0.0, 0.0], [0.0, 16.0, 0.0, 0.0, 0.0, 234.0, 40.0], [0.0, 0.0, 5.0, 1.0, 1.0, 13.0, 270.0]]",0.8455604228630543,0.8384931876185897,0.8505970834640048,0.8363147145566351
svm_classifier,cross_validation,True,True,False,"{'C': 1, 'kernel': 'rbf'}",0.19800138473510742,"[[116.0, 117.0, 0.0, 0.0, 0.0, 29.0, 10.0], [20.0, 172.0, 11.0, 1.0, 0.0, 52.0, 31.0], [0.0, 37.0, 252.0, 16.0, 0.0, 28.0, 18.0], [0.0, 6.0, 9.0, 275.0, 0.0, 0.0, 7.0], [0.0, 0.0, 0.0, 2.0, 321.0, 0.0, 1.0], [3.0, 85.0, 15.0, 0.0, 0.0, 167.0, 20.0], [1.0, 45.0, 26.0, 3.0, 0.0, 28.0, 187.0]]",0.7058258168455537,0.6968595709861498,0.7399030282266564,0.7037479230781251
svm_classifier,holdout,True,True,False,default,0.0677642822265625,"[[39, 34, 0, 0, 0, 5, 4], [6, 54, 3, 0, 0, 14, 9], [0, 10, 68, 5, 0, 15, 8], [0, 2, 2, 79, 0, 0, 6], [0, 0, 0, 0, 97, 0, 0], [2, 22, 4, 0, 0, 51, 8], [1, 9, 14, 0, 0, 9, 54]]",0.6971608832807571,0.6913661668523359,0.7231053489585747,0.6969311793443193
svm_classifier,cross_validation,False,True,False,"{'C': 0.01, 'kernel': 'linear'}",0.2319958209991455,"[[250.0, 11.0, 0.0, 0.0, 0.0, 11.0, 0.0], [100.0, 106.0, 13.0, 0.0, 0.0, 48.0, 20.0], [0.0, 7.0, 253.0, 62.0, 3.0, 10.0, 16.0], [0.0, 1.0, 12.0, 282.0, 1.0, 0.0, 1.0], [0.0, 0.0, 1.0, 1.0, 322.0, 0.0, 0.0], [6.0, 34.0, 74.0, 0.0, 0.0, 162.0, 14.0], [1.0, 21.0, 142.0, 20.0, 0.0, 38.0, 68.0]]",0.6835551909565067,0.6786750928024182,0.6791677342869992,0.6573288014801361
svm_classifier,cross_validation,False,True,False,"{'C': 0.01, 'kernel': 'rbf'}",0.7032604217529297,"[[0.0, 0.0, 272.0, 0.0, 0.0, 0.0, 0.0], [0.0, 0.0, 287.0, 0.0, 0.0, 0.0, 0.0], [0.0, 0.0, 351.0, 0.0, 0.0, 0.0, 0.0], [0.0, 0.0, 297.0, 0.0, 0.0, 0.0, 0.0], [0.0, 0.0, 77.0, 0.0, 247.0, 0.0, 0.0], [0.0, 0.0, 290.0, 0.0, 0.0, 0.0, 0.0], [0.0, 0.0, 290.0, 0.0, 0.0, 0.0, 0.0]]",0.2832793169964223,0.2520516773687668,0.8840531353806892,0.16871477176956984
svm_classifier,cross_validation,False,True,False,"{'C': 0.1, 'kernel': 'linear'}",0.19400501251220703,"[[262.0, 10.0, 0.0, 0.0, 0.0, 0.0, 0.0], [42.0, 199.0, 0.0, 0.0, 0.0, 32.0, 14.0], [0.0, 1.0, 316.0, 19.0, 1.0, 2.0, 12.0], [0.0, 0.0, 4.0, 292.0, 1.0, 0.0, 0.0], [0.0, 0.0, 1.0, 1.0, 322.0, 0.0, 0.0], [0.0, 27.0, 0.0, 0.0, 0.0, 221.0, 42.0], [0.0, 6.0, 13.0, 0.0, 0.0, 33.0, 238.0]]",0.8763537760248287,0.8741524521856155,0.8730903647863272,0.8716379542668394
svm_classifier,cross_validation,False,True,False,"{'C': 0.1, 'kernel': 'rbf'}",0.5627479553222656,"[[223.0, 28.0, 1.0, 0.0, 0.0, 20.0, 0.0], [61.0, 171.0, 27.0, 0.0, 0.0, 17.0, 11.0], [1.0, 28.0, 238.0, 68.0, 7.0, 2.0, 7.0], [0.0, 18.0, 12.0, 263.0, 0.0, 0.0, 4.0], [0.0, 2.0, 0.0, 0.0, 321.0, 0.0, 1.0], [7.0, 54.0, 103.0, 9.0, 0.0, 111.0, 6.0], [3.0, 46.0, 95.0, 33.0, 1.0, 14.0, 98.0]]",0.6750142786326997,0.6707591695294739,0.6979804044068821,0.660078808006765
svm_classifier,cross_validation,False,True,False,"{'C': 1, 'kernel': 'linear'}",0.2235121726989746,"[[269.0, 3.0, 0.0, 0.0, 0.0, 0.0, 0.0], [19.0, 249.0, 0.0, 0.0, 0.0, 19.0, 0.0], [0.0, 0.0, 333.0, 8.0, 0.0, 0.0, 10.0], [0.0, 0.0, 3.0, 293.0, 1.0, 0.0, 0.0], [0.0, 0.0, 2.0, 1.0, 321.0, 0.0, 0.0], [0.0, 13.0, 1.0, 0.0, 0.0, 261.0, 15.0], [0.0, 0.0, 6.0, 0.0, 0.0, 15.0, 269.0]]",0.9450467961981119,0.9443126011139866,0.9441894159010954,0.9436058035800899
svm_classifier,cross_validation,False,True,False,"{'C': 1, 'kernel': 'rbf'}",0.3910036087036133,"[[244.0, 26.0, 0.0, 0.0, 0.0, 2.0, 0.0], [28.0, 199.0, 2.0, 1.0, 0.0, 34.0, 23.0], [0.0, 23.0, 291.0, 24.0, 2.0, 3.0, 8.0], [0.0, 5.0, 3.0, 288.0, 0.0, 0.0, 1.0], [0.0, 1.0, 0.0, 1.0, 321.0, 0.0, 1.0], [3.0, 41.0, 13.0, 0.0, 0.0, 212.0, 21.0], [2.0, 29.0, 17.0, 1.0, 0.0, 27.0, 214.0]]",0.8379752360015518,0.8359612879664944,0.8378106587026699,0.8352963697575809
svm_classifier,holdout,False,True,False,default,0.12799620628356934,"[[75, 6, 0, 0, 0, 1, 0], [8, 56, 1, 0, 0, 13, 8], [0, 8, 87, 4, 2, 1, 4], [0, 2, 2, 85, 0, 0, 0], [0, 0, 0, 0, 97, 0, 0], [2, 14, 3, 0, 0, 57, 11], [2, 17, 5, 0, 0, 7, 56]]",0.8091482649842271,0.8057797726440279,0.8083924706221588,0.8056293735479114
svm_classifier,cross_validation,True,False,False,"{'C': 0.01, 'kernel': 'linear'}",0.10100436210632324,"[[236.0, 36.0, 0.0, 0.0, 0.0, 0.0, 0.0], [72.0, 127.0, 2.0, 0.0, 0.0, 73.0, 13.0], [0.0, 0.0, 193.0, 38.0, 2.0, 12.0, 106.0], [0.0, 0.0, 21.0, 268.0, 8.0, 0.0, 0.0], [0.0, 0.0, 0.0, 0.0, 324.0, 0.0, 0.0], [7.0, 49.0, 12.0, 0.0, 0.0, 145.0, 77.0], [0.0, 24.0, 31.0, 11.0, 0.0, 47.0, 177.0]]",0.6963534257942152,0.6963656712721044,0.6934811584161827,0.6888670564188546
svm_classifier,cross_validation,True,False,False,"{'C': 0.01, 'kernel': 'rbf'}",0.3139958381652832,"[[0.0, 0.0, 0.0, 0.0, 272.0, 0.0, 0.0], [0.0, 0.0, 0.0, 0.0, 287.0, 0.0, 0.0], [0.0, 0.0, 0.0, 0.0, 351.0, 0.0, 0.0], [0.0, 0.0, 0.0, 0.0, 297.0, 0.0, 0.0], [0.0, 0.0, 0.0, 0.0, 324.0, 0.0, 0.0], [0.0, 0.0, 0.0, 0.0, 290.0, 0.0, 0.0], [0.0, 0.0, 0.0, 0.0, 290.0, 0.0, 0.0]]",0.15347981055217896,0.14285714285714285,0.879068544364597,0.038013455108372333
svm_classifier,cross_validation,True,False,False,"{'C': 0.1, 'kernel': 'linear'}",0.09200167655944824,"[[196.0, 76.0, 0.0, 0.0, 0.0, 0.0, 0.0], [40.0, 166.0, 1.0, 0.0, 0.0, 55.0, 25.0], [0.0, 0.0, 247.0, 21.0, 0.0, 3.0, 80.0], [0.0, 0.0, 7.0, 289.0, 1.0, 0.0, 0.0], [0.0, 0.0, 0.0, 1.0, 323.0, 0.0, 0.0], [4.0, 38.0, 12.0, 0.0, 0.0, 159.0, 77.0], [0.0, 16.0, 34.0, 3.0, 0.0, 30.0, 207.0]]",0.7517801144445881,0.7472350307031964,0.7569774177145555,0.7469001925994245
svm_classifier,cross_validation,True,False,False,"{'C': 0.1, 'kernel': 'rbf'}",0.30634307861328125,"[[0.0, 0.0, 124.0, 0.0, 0.0, 78.0, 70.0], [0.0, 0.0, 237.0, 0.0, 0.0, 34.0, 16.0], [0.0, 0.0, 290.0, 0.0, 61.0, 0.0, 0.0], [0.0, 0.0, 54.0, 0.0, 243.0, 0.0, 0.0], [0.0, 0.0, 58.0, 0.0, 266.0, 0.0, 0.0], [0.0, 0.0, 287.0, 0.0, 0.0, 3.0, 0.0], [0.0, 0.0, 290.0, 0.0, 0.0, 0.0, 0.0]]",0.2647992639768955,0.236384926948405,0.7178642943023988,0.13513467431469736
svm_classifier,cross_validation,True,False,False,"{'C': 1, 'kernel': 'linear'}",0.11500096321105957,"[[148.0, 124.0, 0.0, 0.0, 0.0, 0.0, 0.0], [31.0, 191.0, 0.0, 0.0, 0.0, 43.0, 22.0], [0.0, 0.0, 248.0, 13.0, 0.0, 2.0, 88.0], [0.0, 0.0, 10.0, 286.0, 1.0, 0.0, 0.0], [0.0, 0.0, 0.0, 1.0, 323.0, 0.0, 0.0], [1.0, 47.0, 15.0, 0.0, 0.0, 180.0, 47.0], [0.0, 5.0, 35.0, 0.0, 0.0, 31.0, 219.0]]",0.7555599109875425,0.7495191959429836,0.7700470562037026,0.750531507564967
svm_classifier,cross_validation,True,False,False,"{'C': 1, 'kernel': 'rbf'}",0.26657772064208984,"[[226.0, 42.0, 0.0, 0.0, 0.0, 4.0, 0.0], [81.0, 78.0, 4.0, 0.0, 0.0, 109.0, 15.0], [0.0, 0.0, 129.0, 15.0, 79.0, 2.0, 126.0], [0.0, 0.0, 23.0, 71.0, 203.0, 0.0, 0.0], [0.0, 0.0, 9.0, 48.0, 267.0, 0.0, 0.0], [7.0, 11.0, 28.0, 0.0, 0.0, 162.0, 82.0], [0.0, 4.0, 74.0, 3.0, 8.0, 46.0, 155.0]]",0.5153953295400664,0.5214833116813571,0.5693414869940626,0.48327197541283606
svm_classifier,holdout,True,False,False,default,0.0930030345916748,"[[65, 16, 0, 0, 0, 1, 0], [26, 15, 0, 0, 0, 39, 6], [0, 0, 29, 3, 29, 0, 45], [0, 0, 9, 10, 70, 0, 0], [0, 0, 0, 0, 97, 0, 0], [2, 1, 8, 0, 0, 48, 28], [0, 1, 11, 0, 2, 13, 60]]",0.5110410094637224,0.5134893282924905,0.5468962965277199,0.46372907189550905
svm_classifier,cross_validation,False,False,False,"{'C': 0.01, 'kernel': 'linear'}",0.16699981689453125,"[[261.0, 11.0, 0.0, 0.0, 0.0, 0.0, 0.0], [75.0, 148.0, 0.0, 0.0, 0.0, 51.0, 13.0], [0.0, 0.0, 242.0, 19.0, 1.0, 3.0, 86.0], [0.0, 0.0, 29.0, 261.0, 7.0, 0.0, 0.0], [0.0, 0.0, 0.0, 0.0, 324.0, 0.0, 0.0], [2.0, 27.0, 13.0, 0.0, 0.0, 174.0, 74.0], [0.0, 28.0, 62.0, 0.0, 0.0, 36.0, 164.0]]",0.7456160556489504,0.745295512630119,0.7475487070100263,0.7406684230573339
svm_classifier,cross_validation,False,False,False,"{'C': 0.01, 'kernel': 'rbf'}",0.6847078800201416,"[[0.0, 0.0, 272.0, 0.0, 0.0, 0.0, 0.0], [0.0, 0.0, 287.0, 0.0, 0.0, 0.0, 0.0], [0.0, 0.0, 351.0, 0.0, 0.0, 0.0, 0.0], [0.0, 0.0, 297.0, 0.0, 0.0, 0.0, 0.0], [0.0, 0.0, 324.0, 0.0, 0.0, 0.0, 0.0], [0.0, 0.0, 290.0, 0.0, 0.0, 0.0, 0.0], [0.0, 0.0, 290.0, 0.0, 0.0, 0.0, 0.0]]",0.16627131018578387,0.14285714285714285,0.8808959014551121,0.040730201093456424
svm_classifier,cross_validation,False,False,False,"{'C': 0.1, 'kernel': 'linear'}",0.1690051555633545,"[[261.0, 11.0, 0.0, 0.0, 0.0, 0.0, 0.0], [50.0, 188.0, 0.0, 0.0, 0.0, 41.0, 8.0], [0.0, 0.0, 306.0, 17.0, 0.0, 8.0, 20.0], [0.0, 0.0, 6.0, 290.0, 1.0, 0.0, 0.0], [0.0, 0.0, 0.0, 1.0, 323.0, 0.0, 0.0], [0.0, 24.0, 10.0, 0.0, 0.0, 218.0, 38.0], [0.0, 7.0, 80.0, 2.0, 0.0, 42.0, 159.0]]",0.8266156407603775,0.8233741477558967,0.8245002227824895,0.8192003380609328
svm_classifier,cross_validation,False,False,False,"{'C': 0.1, 'kernel': 'rbf'}",0.5858678817749023,"[[231.0, 41.0, 0.0, 0.0, 0.0, 0.0, 0.0], [86.0, 125.0, 16.0, 0.0, 0.0, 51.0, 9.0], [0.0, 0.0, 262.0, 22.0, 29.0, 35.0, 3.0], [0.0, 0.0, 53.0, 37.0, 207.0, 0.0, 0.0], [0.0, 0.0, 47.0, 53.0, 224.0, 0.0, 0.0], [7.0, 68.0, 99.0, 0.0, 0.0, 95.0, 21.0], [0.0, 25.0, 210.0, 1.0, 0.0, 50.0, 4.0]]",0.46328303482908745,0.4592837281526472,0.574242273787869,0.3924172169310784
svm_classifier,cross_validation,False,False,False,"{'C': 1, 'kernel': 'linear'}",0.29500436782836914,"[[262.0, 10.0, 0.0, 0.0, 0.0, 0.0, 0.0], [37.0, 210.0, 0.0, 0.0, 0.0, 34.0, 6.0], [0.0, 0.0, 319.0, 14.0, 0.0, 6.0, 12.0], [0.0, 0.0, 6.0, 291.0, 0.0, 0.0, 0.0], [0.0, 0.0, 0.0, 2.0, 322.0, 0.0, 0.0], [0.0, 22.0, 7.0, 0.0, 0.0, 237.0, 24.0], [0.0, 5.0, 42.0, 1.0, 0.0, 34.0, 208.0]]",0.8758796176559335,0.8737209692403934,0.8750476887631945,0.8718347148992708
svm_classifier,cross_validation,False,False,False,"{'C': 1, 'kernel': 'rbf'}",0.4479951858520508,"[[231.0, 41.0, 0.0, 0.0, 0.0, 0.0, 0.0], [87.0, 119.0, 1.0, 0.0, 0.0, 68.0, 12.0], [0.0, 0.0, 128.0, 25.0, 59.0, 6.0, 133.0], [0.0, 0.0, 32.0, 153.0, 112.0, 0.0, 0.0], [0.0, 0.0, 29.0, 33.0, 262.0, 0.0, 0.0], [7.0, 53.0, 16.0, 0.0, 0.0, 148.0, 66.0], [0.0, 23.0, 64.0, 1.0, 0.0, 47.0, 155.0]]",0.5665593075132549,0.5726445959524212,0.5781226087335481,0.5573541984203491
svm_classifier,holdout,False,False,False,default,0.14800071716308594,"[[67, 15, 0, 0, 0, 0, 0], [26, 34, 0, 0, 0, 22, 4], [0, 0, 33, 10, 22, 2, 39], [0, 0, 13, 39, 37, 0, 0], [0, 0, 0, 0, 97, 0, 0], [2, 18, 7, 0, 0, 45, 15], [0, 4, 19, 0, 0, 17, 47]]",0.5709779179810726,0.5742023248881168,0.5758654044827195,0.5575428629053877
knn_classifier,cross_validation,True,True,True,{'n_neighbors': 3},0.3521599769592285,"[[120.0, 30.0, 41.0, 2.0, 0.0, 32.0, 47.0], [42.0, 81.0, 37.0, 14.0, 2.0, 53.0, 58.0], [3.0, 20.0, 242.0, 26.0, 3.0, 28.0, 29.0], [0.0, 0.0, 6.0, 266.0, 0.0, 2.0, 23.0], [0.0, 0.0, 0.0, 1.0, 322.0, 0.0, 1.0], [25.0, 56.0, 28.0, 6.0, 1.0, 162.0, 12.0], [3.0, 27.0, 14.0, 37.0, 1.0, 20.0, 188.0]]",0.6541984568300357,0.6441436527449725,0.64460055643087,0.6363321632625393
knn_classifier,cross_validation,True,True,True,{'n_neighbors': 5},0.17099332809448242,"[[116.0, 25.0, 45.0, 2.0, 0.0, 36.0, 48.0], [39.0, 73.0, 38.0, 15.0, 2.0, 59.0, 61.0], [4.0, 9.0, 238.0, 34.0, 4.0, 36.0, 26.0], [0.0, 0.0, 4.0, 272.0, 0.0, 2.0, 19.0], [0.0, 0.0, 0.0, 1.0, 322.0, 0.0, 1.0], [37.0, 35.0, 29.0, 7.0, 3.0, 162.0, 17.0], [3.0, 9.0, 22.0, 37.0, 1.0, 29.0, 189.0]]",0.6499330520712099,0.6394170527501654,0.6420288982392819,0.6270403941145549
knn_classifier,cross_validation,True,True,True,{'n_neighbors': 10},0.17212414741516113,"[[107.0, 48.0, 47.0, 3.0, 0.0, 18.0, 49.0], [45.0, 61.0, 42.0, 16.0, 3.0, 47.0, 73.0], [4.0, 1.0, 211.0, 47.0, 20.0, 46.0, 22.0], [0.0, 0.0, 11.0, 265.0, 0.0, 4.0, 17.0], [0.0, 0.0, 0.0, 1.0, 322.0, 0.0, 1.0], [34.0, 42.0, 34.0, 14.0, 12.0, 138.0, 16.0], [4.0, 7.0, 32.0, 48.0, 1.0, 35.0, 163.0]]",0.6002003049700418,0.5896819328807262,0.5788266356215844,0.5737545709617383
knn_classifier,holdout,True,True,True,default,0.05592751502990723,"[[35, 14, 19, 1, 0, 7, 6], [16, 18, 19, 2, 0, 10, 21], [3, 0, 64, 7, 4, 20, 8], [0, 0, 2, 81, 0, 0, 6], [0, 0, 0, 0, 97, 0, 0], [10, 7, 9, 2, 0, 52, 7], [3, 3, 15, 9, 0, 8, 49]]",0.6246056782334385,0.6158481540800266,0.6066728983339666,0.6034069729640265
knn_classifier,cross_validation,False,True,True,{'n_neighbors': 3},0.15422964096069336,"[[247.0, 18.0, 0.0, 0.0, 0.0, 6.0, 1.0], [73.0, 133.0, 17.0, 6.0, 0.0, 30.0, 28.0], [9.0, 17.0, 287.0, 18.0, 3.0, 5.0, 12.0], [1.0, 3.0, 8.0, 277.0, 0.0, 3.0, 5.0], [0.0, 1.0, 0.0, 1.0, 321.0, 0.0, 1.0], [10.0, 43.0, 29.0, 3.0, 0.0, 197.0, 8.0], [10.0, 31.0, 20.0, 10.0, 1.0, 16.0, 202.0]]",0.7882438359412044,0.7838843927683072,0.7806043658186921,0.7787998389943119
knn_classifier,cross_validation,False,True,True,{'n_neighbors': 5},0.1558241844177246,"[[236.0, 22.0, 3.0, 0.0, 0.0, 9.0, 2.0], [65.0, 135.0, 19.0, 8.0, 0.0, 35.0, 25.0], [5.0, 17.0, 272.0, 28.0, 5.0, 10.0, 14.0], [1.0, 3.0, 6.0, 280.0, 0.0, 3.0, 4.0], [0.0, 1.0, 0.0, 1.0, 321.0, 0.0, 1.0], [12.0, 38.0, 37.0, 8.0, 0.0, 185.0, 10.0], [8.0, 25.0, 24.0, 18.0, 1.0, 26.0, 188.0]]",0.7659785982154403,0.7620633766469199,0.7583078444975636,0.7561577397896558
knn_classifier,cross_validation,False,True,True,{'n_neighbors': 10},0.1600031852722168,"[[231.0, 21.0, 5.0, 3.0, 0.0, 8.0, 4.0], [64.0, 121.0, 23.0, 10.0, 0.0, 37.0, 32.0], [4.0, 18.0, 250.0, 43.0, 7.0, 10.0, 19.0], [1.0, 3.0, 7.0, 279.0, 1.0, 1.0, 5.0], [0.0, 0.0, 1.0, 1.0, 321.0, 0.0, 1.0], [23.0, 32.0, 42.0, 13.0, 3.0, 160.0, 17.0], [9.0, 19.0, 36.0, 23.0, 1.0, 22.0, 180.0]]",0.730453090650459,0.72650761062916,0.7208091480380988,0.7170916471155356
knn_classifier,holdout,False,True,True,default,0.052000999450683594,"[[71, 4, 2, 1, 0, 3, 1], [19, 34, 8, 2, 0, 13, 10], [3, 5, 77, 8, 4, 1, 8], [1, 2, 0, 84, 1, 0, 1], [0, 0, 0, 0, 97, 0, 0], [7, 6, 16, 3, 0, 45, 10], [2, 7, 11, 6, 0, 5, 56]]",0.7318611987381703,0.7274796221477853,0.7189204518548697,0.7167064158912615
knn_classifier,cross_validation,True,False,True,{'n_neighbors': 3},0.12792158126831055,"[[214.0, 58.0, 0.0, 0.0, 0.0, 0.0, 0.0], [63.0, 146.0, 7.0, 0.0, 0.0, 49.0, 22.0], [0.0, 3.0, 204.0, 31.0, 32.0, 22.0, 59.0], [0.0, 0.0, 34.0, 226.0, 36.0, 0.0, 1.0], [0.0, 0.0, 18.0, 29.0, 277.0, 0.0, 0.0], [3.0, 70.0, 28.0, 0.0, 0.0, 133.0, 56.0], [1.0, 25.0, 87.0, 2.0, 2.0, 62.0, 111.0]]",0.621037005905427,0.6195992098108111,0.6192616672725663,0.6157411127759284
knn_classifier,cross_validation,True,False,True,{'n_neighbors': 5},0.1253194808959961,"[[222.0, 50.0, 0.0, 0.0, 0.0, 0.0, 0.0], [57.0, 149.0, 7.0, 0.0, 0.0, 56.0, 18.0], [0.0, 0.0, 208.0, 34.0, 34.0, 23.0, 52.0], [0.0, 0.0, 19.0, 244.0, 33.0, 0.0, 1.0], [0.0, 0.0, 17.0, 30.0, 277.0, 0.0, 0.0], [4.0, 65.0, 29.0, 0.0, 0.0, 151.0, 41.0], [0.0, 23.0, 92.0, 2.0, 3.0, 67.0, 103.0]]",0.6414130188801241,0.6405337461657069,0.6385300742514434,0.6343275658018089
knn_classifier,cross_validation,True,False,True,{'n_neighbors': 10},0.12247729301452637,"[[219.0, 52.0, 0.0, 0.0, 0.0, 1.0, 0.0], [94.0, 100.0, 5.0, 0.0, 0.0, 69.0, 19.0], [0.0, 0.0, 190.0, 36.0, 28.0, 25.0, 72.0], [0.0, 0.0, 12.0, 258.0, 27.0, 0.0, 0.0], [0.0, 0.0, 15.0, 36.0, 273.0, 0.0, 0.0], [5.0, 66.0, 20.0, 0.0, 0.0, 153.0, 46.0], [1.0, 19.0, 85.0, 3.0, 3.0, 66.0, 113.0]]",0.6186850726324411,0.6178233532230947,0.6056897844221055,0.6065406366092133
knn_classifier,holdout,True,False,True,default,0.039998769760131836,"[[64, 18, 0, 0, 0, 0, 0], [19, 22, 3, 0, 0, 35, 7], [0, 0, 61, 10, 7, 7, 21], [0, 0, 3, 81, 5, 0, 0], [0, 0, 5, 7, 85, 0, 0], [1, 5, 5, 0, 0, 59, 17], [0, 2, 24, 0, 0, 16, 45]]",0.6577287066246057,0.6562252535249399,0.6487204343770802,0.6458268792481039
knn_classifier,cross_validation,False,False,True,{'n_neighbors': 3},0.12043190002441406,"[[226.0, 44.0, 0.0, 0.0, 0.0, 2.0, 0.0], [69.0, 133.0, 4.0, 0.0, 0.0, 57.0, 24.0], [0.0, 3.0, 293.0, 11.0, 11.0, 2.0, 31.0], [0.0, 0.0, 13.0, 273.0, 10.0, 0.0, 1.0], [0.0, 0.0, 2.0, 8.0, 314.0, 0.0, 0.0], [2.0, 45.0, 7.0, 0.0, 0.0, 218.0, 18.0], [1.0, 35.0, 41.0, 3.0, 1.0, 13.0, 196.0]]",0.7830381966895125,0.777853382916899,0.7738496433125626,0.7746526282988716
knn_classifier,cross_validation,False,False,True,{'n_neighbors': 5},0.12273430824279785,"[[243.0, 28.0, 0.0, 0.0, 0.0, 1.0, 0.0], [74.0, 137.0, 5.0, 0.0, 0.0, 52.0, 19.0], [0.0, 0.0, 291.0, 13.0, 12.0, 1.0, 34.0], [0.0, 0.0, 14.0, 270.0, 11.0, 0.0, 2.0], [0.0, 0.0, 0.0, 10.0, 314.0, 0.0, 0.0], [8.0, 35.0, 12.0, 0.0, 0.0, 217.0, 18.0], [1.0, 27.0, 47.0, 4.0, 1.0, 16.0, 194.0]]",0.7892009084443296,0.7848014250084058,0.780200054579557,0.7791659779334701
knn_classifier,cross_validation,False,False,True,{'n_neighbors': 10},0.12060046195983887,"[[248.0, 24.0, 0.0, 0.0, 0.0, 0.0, 0.0], [83.0, 122.0, 5.0, 0.0, 0.0, 58.0, 19.0], [0.0, 0.0, 290.0, 16.0, 10.0, 3.0, 32.0], [0.0, 0.0, 14.0, 270.0, 13.0, 0.0, 0.0], [0.0, 0.0, 1.0, 16.0, 307.0, 0.0, 0.0], [6.0, 37.0, 10.0, 0.0, 0.0, 203.0, 34.0], [0.0, 24.0, 64.0, 6.0, 1.0, 29.0, 166.0]]",0.7607857558515453,0.7558520975119903,0.7513083619179076,0.747680909845316
knn_classifier,holdout,False,False,True,default,0.039000749588012695,"[[74, 8, 0, 0, 0, 0, 0], [21, 33, 1, 0, 0, 24, 7], [0, 0, 90, 6, 2, 0, 8], [0, 0, 5, 82, 2, 0, 0], [0, 0, 0, 3, 94, 0, 0], [0, 5, 3, 0, 0, 65, 14], [0, 3, 16, 1, 0, 10, 57]]",0.7807570977917981,0.7754194126466134,0.7721242610519826,0.7667986999874639
knn_classifier,cross_validation,True,True,False,{'n_neighbors': 3},0.12500238418579102,"[[121.0, 43.0, 26.0, 1.0, 0.0, 36.0, 45.0], [34.0, 88.0, 36.0, 12.0, 0.0, 62.0, 55.0], [0.0, 16.0, 252.0, 23.0, 2.0, 29.0, 29.0], [0.0, 0.0, 5.0, 277.0, 0.0, 0.0, 15.0], [0.0, 1.0, 0.0, 1.0, 322.0, 0.0, 0.0], [13.0, 59.0, 25.0, 2.0, 2.0, 171.0, 18.0], [2.0, 18.0, 13.0, 29.0, 1.0, 23.0, 204.0]]",0.6797794355360146,0.6696592112016497,0.6751123391234457,0.6623517383191516
knn_classifier,cross_validation,True,True,False,{'n_neighbors': 5},0.1250016689300537,"[[118.0, 38.0, 38.0, 2.0, 0.0, 28.0, 48.0], [39.0, 68.0, 35.0, 15.0, 1.0, 66.0, 63.0], [2.0, 7.0, 254.0, 28.0, 3.0, 32.0, 25.0], [0.0, 0.0, 2.0, 278.0, 0.0, 1.0, 16.0], [0.0, 1.0, 0.0, 1.0, 322.0, 0.0, 0.0], [27.0, 36.0, 26.0, 6.0, 5.0, 165.0, 25.0], [2.0, 8.0, 13.0, 38.0, 1.0, 32.0, 196.0]]",0.6636735419630156,0.6521184519422353,0.649424560926014,0.6382240547212417
knn_classifier,cross_validation,True,True,False,{'n_neighbors': 10},0.13199830055236816,"[[110.0, 46.0, 45.0, 2.0, 0.0, 19.0, 50.0], [42.0, 60.0, 38.0, 17.0, 2.0, 53.0, 75.0], [3.0, 2.0, 222.0, 44.0, 18.0, 36.0, 26.0], [0.0, 0.0, 6.0, 274.0, 0.0, 2.0, 15.0], [0.0, 0.0, 0.0, 1.0, 322.0, 0.0, 1.0], [13.0, 54.0, 38.0, 8.0, 12.0, 140.0, 25.0], [2.0, 8.0, 24.0, 51.0, 1.0, 35.0, 169.0]]",0.6144102385878701,0.603336870876973,0.5956831851401182,0.5870945336212584
knn_classifier,holdout,True,True,False,default,0.037995100021362305,"[[36, 13, 20, 0, 0, 7, 6], [16, 19, 13, 2, 0, 16, 20], [1, 1, 67, 7, 4, 16, 10], [0, 0, 2, 81, 0, 0, 6], [0, 0, 0, 0, 97, 0, 0], [5, 4, 9, 3, 0, 54, 12], [2, 2, 12, 11, 0, 9, 51]]",0.638801261829653,0.6298627151106936,0.6266090254577487,0.6168642687882279
knn_classifier,cross_validation,False,True,False,{'n_neighbors': 3},0.121002197265625,"[[249.0, 16.0, 0.0, 0.0, 0.0, 6.0, 1.0], [62.0, 150.0, 17.0, 6.0, 0.0, 30.0, 22.0], [5.0, 14.0, 298.0, 16.0, 3.0, 5.0, 10.0], [1.0, 3.0, 4.0, 283.0, 0.0, 3.0, 3.0], [0.0, 1.0, 0.0, 1.0, 321.0, 0.0, 1.0], [11.0, 37.0, 25.0, 1.0, 0.0, 209.0, 7.0], [8.0, 26.0, 21.0, 6.0, 2.0, 15.0, 212.0]]",0.8157194275615328,0.812039581557309,0.8095233046591552,0.8077772397263162
knn_classifier,cross_validation,False,True,False,{'n_neighbors': 5},0.12600111961364746,"[[244.0, 19.0, 1.0, 0.0, 0.0, 7.0, 1.0], [67.0, 132.0, 21.0, 7.0, 0.0, 36.0, 24.0], [4.0, 15.0, 287.0, 23.0, 3.0, 8.0, 11.0], [1.0, 3.0, 2.0, 284.0, 1.0, 3.0, 3.0], [0.0, 1.0, 0.0, 1.0, 321.0, 0.0, 1.0], [8.0, 37.0, 32.0, 5.0, 0.0, 196.0, 12.0], [5.0, 20.0, 24.0, 12.0, 1.0, 22.0, 206.0]]",0.7910854185525239,0.7870497297902718,0.7821872011671047,0.7806808849797106
knn_classifier,cross_validation,False,True,False,{'n_neighbors': 10},0.12999749183654785,"[[241.0, 15.0, 5.0, 0.0, 0.0, 8.0, 3.0], [61.0, 126.0, 23.0, 10.0, 0.0, 40.0, 27.0], [3.0, 15.0, 264.0, 37.0, 6.0, 7.0, 19.0], [1.0, 3.0, 4.0, 283.0, 1.0, 1.0, 4.0], [0.0, 0.0, 0.0, 1.0, 322.0, 0.0, 1.0], [12.0, 25.0, 51.0, 6.0, 1.0, 176.0, 19.0], [3.0, 19.0, 28.0, 25.0, 1.0, 24.0, 190.0]]",0.758869590284064,0.755341662647058,0.7498585933931782,0.7468119853803747
knn_classifier,holdout,False,True,False,default,0.037000417709350586,"[[76, 1, 2, 0, 0, 3, 0], [20, 31, 7, 2, 0, 18, 8], [1, 5, 80, 7, 4, 2, 7], [1, 2, 0, 85, 1, 0, 0], [0, 0, 0, 0, 97, 0, 0], [5, 6, 16, 1, 0, 49, 10], [2, 7, 11, 5, 0, 7, 55]]",0.7460567823343849,0.7417814063328121,0.7311931570129983,0.7294599513546228
knn_classifier,cross_validation,True,False,False,{'n_neighbors': 3},0.12400317192077637,"[[198.0, 74.0, 0.0, 0.0, 0.0, 0.0, 0.0], [55.0, 152.0, 4.0, 0.0, 0.0, 52.0, 24.0], [0.0, 0.0, 281.0, 17.0, 5.0, 7.0, 41.0], [0.0, 0.0, 6.0, 285.0, 6.0, 0.0, 0.0], [0.0, 0.0, 0.0, 2.0, 322.0, 0.0, 0.0], [5.0, 62.0, 10.0, 0.0, 0.0, 184.0, 29.0], [0.0, 16.0, 34.0, 6.0, 1.0, 12.0, 221.0]]",0.778308736367947,0.7723035661689132,0.7793049478276259,0.7702872389859529
knn_classifier,cross_validation,True,False,False,{'n_neighbors': 5},0.12499856948852539,"[[201.0, 70.0, 0.0, 0.0, 0.0, 1.0, 0.0], [63.0, 139.0, 5.0, 0.0, 0.0, 56.0, 24.0], [0.0, 0.0, 270.0, 18.0, 6.0, 6.0, 51.0], [0.0, 0.0, 6.0, 285.0, 6.0, 0.0, 0.0], [0.0, 0.0, 0.0, 4.0, 320.0, 0.0, 0.0], [6.0, 54.0, 10.0, 0.0, 0.0, 180.0, 40.0], [0.0, 15.0, 32.0, 9.0, 1.0, 28.0, 205.0]]",0.7579394585973533,0.7526275637469935,0.7534405022973639,0.7489279931933589
knn_classifier,cross_validation,True,False,False,{'n_neighbors': 10},0.12199807167053223,"[[233.0, 38.0, 0.0, 0.0, 0.0, 1.0, 0.0], [72.0, 119.0, 5.0, 0.0, 0.0, 63.0, 28.0], [0.0, 0.0, 235.0, 28.0, 10.0, 31.0, 47.0], [0.0, 0.0, 12.0, 273.0, 12.0, 0.0, 0.0], [0.0, 0.0, 0.0, 6.0, 318.0, 0.0, 0.0], [6.0, 55.0, 2.0, 0.0, 0.0, 180.0, 47.0], [0.0, 16.0, 24.0, 14.0, 1.0, 56.0, 179.0]]",0.7280957692141903,0.7253707866932654,0.7197454903591042,0.7164784143772125
knn_classifier,holdout,True,False,False,default,0.03500485420227051,"[[67, 14, 0, 0, 0, 1, 0], [18, 23, 1, 0, 0, 30, 14], [0, 0, 72, 12, 1, 5, 16], [0, 0, 4, 84, 1, 0, 0], [0, 0, 0, 1, 96, 0, 0], [2, 6, 0, 0, 0, 61, 18], [0, 1, 7, 3, 0, 11, 65]]",0.7381703470031545,0.7350781603790345,0.7299447089837754,0.7219693711596545
knn_classifier,cross_validation,False,False,False,{'n_neighbors': 3},0.10399794578552246,"[[264.0, 8.0, 0.0, 0.0, 0.0, 0.0, 0.0], [64.0, 141.0, 4.0, 0.0, 0.0, 54.0, 24.0], [0.0, 0.0, 336.0, 6.0, 3.0, 0.0, 6.0], [0.0, 0.0, 6.0, 289.0, 2.0, 0.0, 0.0], [0.0, 0.0, 0.0, 2.0, 322.0, 0.0, 0.0], [3.0, 14.0, 9.0, 0.0, 0.0, 247.0, 17.0], [0.0, 7.0, 23.0, 3.0, 1.0, 3.0, 253.0]]",0.8772960310789258,0.8729940779441141,0.8749681179817309,0.865175954540243
knn_classifier,cross_validation,False,False,False,{'n_neighbors': 5},0.11799740791320801,"[[266.0, 6.0, 0.0, 0.0, 0.0, 0.0, 0.0], [65.0, 134.0, 7.0, 0.0, 0.0, 60.0, 21.0], [0.0, 0.0, 331.0, 5.0, 4.0, 0.0, 11.0], [0.0, 0.0, 6.0, 289.0, 2.0, 0.0, 0.0], [0.0, 0.0, 0.0, 4.0, 320.0, 0.0, 0.0], [3.0, 14.0, 9.0, 0.0, 0.0, 247.0, 17.0], [0.0, 6.0, 31.0, 4.0, 1.0, 16.0, 232.0]]",0.8616663164360533,0.8572175495366589,0.8620582884611233,0.8486490584573102
knn_classifier,cross_validation,False,False,False,{'n_neighbors': 10},0.11000275611877441,"[[265.0, 7.0, 0.0, 0.0, 0.0, 0.0, 0.0], [75.0, 133.0, 6.0, 0.0, 0.0, 56.0, 17.0], [0.0, 0.0, 320.0, 12.0, 4.0, 1.0, 14.0], [0.0, 0.0, 12.0, 280.0, 5.0, 0.0, 0.0], [0.0, 0.0, 0.0, 6.0, 318.0, 0.0, 0.0], [2.0, 21.0, 11.0, 0.0, 0.0, 222.0, 34.0], [0.0, 12.0, 48.0, 6.0, 1.0, 22.0, 201.0]]",0.8237754051898789,0.8187406792456023,0.8208772057968106,0.8102213208541179
knn_classifier,holdout,False,False,False,default,0.030994176864624023,"[[79, 3, 0, 0, 0, 0, 0], [21, 29, 1, 0, 0, 27, 8], [0, 0, 98, 4, 1, 0, 3], [0, 0, 4, 84, 1, 0, 0], [0, 0, 0, 1, 96, 0, 0], [0, 2, 5, 0, 0, 67, 13], [0, 2, 11, 1, 0, 5, 68]]",0.8217665615141956,0.8157696175226193,0.8211297498483676,0.8025746185424555
